contractID,email,contractBegin,contractEnd,contractPath,contractPaid
AZW-2021-07-08_raiwin,rawi0001@stud.hs-kl.de,2021-07-11,2021-601,AZW-2021-07-08_Selim_Speer.pdf,Bezahlt
AZW-2021-07-10_jadsha,jash0001@stud.hs-kl.de,2021-07-10,2021-501,AZW-2021-07-10_Kelsey_Boyle.pdf,Bezahlt
AZW-2021-07-06_nurlub,nulu0001@stud.hs-kl.de,2021-07-07,2021-301,AZW-2021-07-06_Danilo_Bloch.pdf,Bezahlt
AZW-2021-06-25_micjon,mijo0001@stud.hs-kl.de,2021-06-25,2021-201,AZW-2021-06-25_Meghan_Hunt.pdf,Bezahlt
AZW-2021-07-15_madtec,mate0001@stud.hs-kl.de,2021-07-21,2021-101,AZW-2021-07-15_Simone_Parent.pdf,Bezahlt
AZW-2021-06-29_marlel,male0001@stud.hs-kl.de,2021-07-05,2021-601,AZW-2021-06-29_Tristan_Gauthier.pdf,Bezahlt
AZW-2021-07-07_lauloi,lalo0001@stud.hs-kl.de,2021-07-08,2021-201,AZW-2021-07-07_Gabrielle_Chretien.pdf,Bezahlt
AZW-2021-07-17_emimoh,emmo0001@stud.hs-kl.de,2021-07-19,2021-401,AZW-2021-07-17_Jann_Scheuermann.pdf,Bezahlt
AZW-2021-07-04_sybhel,syhe0001@stud.hs-kl.de,2021-07-04,2021-101,AZW-2021-07-04_Bernt_Striebitz.pdf,Bezahlt
AZW-2021-07-10_xavber,xabe0001@stud.hs-kl.de,2021-07-11,2021-501,AZW-2021-07-10_Denis_Weber.pdf,Ausstehend
AZW-2021-06-23_maubou,mabo0001@stud.hs-kl.de,2021-06-28,2021-401,AZW-2021-06-23_Andrée_Chevalier.pdf,Bezahlt
AZW-2021-06-26_trukau,trka0001@stud.hs-kl.de,2021-06-27,2021-101,AZW-2021-06-26_Conny_Bonbach.pdf,Ausstehend
AZW-2021-06-17_laucos,laco0001@stud.hs-kl.de,2021-06-22,2021-501,AZW-2021-06-17_François_Bernard.pdf,Ausstehend
AZW-2021-07-02_micthi,mith0001@stud.hs-kl.de,2021-07-09,2021-201,AZW-2021-07-02_Nicole_Rossi.pdf,Bezahlt
AZW-2021-07-08_rhowas,rhwa0001@stud.hs-kl.de,2021-07-13,2021-501,AZW-2021-07-08_Eric_Obrien.pdf,Bezahlt
AZW-2021-07-13_kircar,kica0001@stud.hs-kl.de,2021-07-16,2021-601,AZW-2021-07-13_Lene_Eberhardt.pdf,Ausstehend
AZW-2021-06-26_daryou,dayo0001@stud.hs-kl.de,2021-07-03,2021-201,AZW-2021-06-26_Marissa_Hunter.pdf,Bezahlt
AZW-2021-07-07_matfra,mafr0001@stud.hs-kl.de,2021-07-12,2021-401,AZW-2021-07-07_Tristan_Gomez.pdf,Ausstehend
AZW-2021-07-15_mirfor,mifo0001@stud.hs-kl.de,2021-07-20,2021-301,AZW-2021-07-15_Alla_Kobelt.pdf,Bezahlt
AZW-2021-06-25_julflo,jufl0001@stud.hs-kl.de,2021-06-30,2021-401,AZW-2021-06-25_Natalie_Clark.pdf,Ausstehend
AZW-2021-06-30_kimdoy,kido0001@stud.hs-kl.de,2021-07-04,2021-401,AZW-2021-06-30_Chelsea_Mcknight.pdf,Ausstehend
AZW-2021-07-10_frabui,frbu0001@stud.hs-kl.de,2021-07-12,2021-401,AZW-2021-07-10_Gilbert_Caron.pdf,Bezahlt
AZW-2021-06-22_marjac,maja0001@stud.hs-kl.de,2021-06-27,2021-401,AZW-2021-06-22_Gérard_Torres.pdf,Bezahlt
AZW-2021-07-15_timbli,tibl0001@stud.hs-kl.de,2021-07-20,2021-101,AZW-2021-07-15_Louis_Joly.pdf,Ausstehend
AZW-2021-06-18_anngei,ange0001@stud.hs-kl.de,2021-06-23,2021-301,AZW-2021-06-18_Vadim_Geisel.pdf,Bezahlt
AZW-2021-06-28_kencox,keco0001@stud.hs-kl.de,2021-07-04,2021-401,AZW-2021-06-28_Ashley_Holland.pdf,Bezahlt
AZW-2021-07-09_donbra,dobr0001@stud.hs-kl.de,2021-07-15,2021-601,AZW-2021-07-09_Brent_Harrison.pdf,Bezahlt
AZW-2021-07-01_dorbol,dobo0001@stud.hs-kl.de,2021-07-04,2021-601,AZW-2021-07-01_Hans-Dieter_Siering.pdf,Gremien Mitg.
AZW-2021-06-20_couand,coan0001@stud.hs-kl.de,2021-06-25,2021-301,AZW-2021-06-20_Gary_Fernandez.pdf,Bezahlt
AZW-2021-07-12_rolebe,roeb0001@stud.hs-kl.de,2021-07-15,2021-601,AZW-2021-07-12_Violetta_Kobelt.pdf,Bezahlt
AZW-2021-06-18_alelem,alle0001@stud.hs-kl.de,2021-06-25,2021-101,AZW-2021-06-18_Jacques_Perez.pdf,Bezahlt
AZW-2021-07-09_julmas,juma0001@stud.hs-kl.de,2021-07-14,2021-601,AZW-2021-07-09_François_Lemoine.pdf,Bezahlt
AZW-2021-07-20_guyber,gube0001@stud.hs-kl.de,2021-07-21,2021-501,AZW-2021-07-20_Luce_Alexandre.pdf,Bezahlt
AZW-2021-07-19_patper,pape0001@stud.hs-kl.de,2021-07-20,2021-501,AZW-2021-07-19_Charlotte_Da Silva.pdf,Ausstehend
AZW-2021-06-17_scosam,scsa0001@stud.hs-kl.de,2021-06-22,2021-301,AZW-2021-06-17_Brian_Lamb.pdf,Ausstehend
AZW-2021-06-27_hanrad,hara0001@stud.hs-kl.de,2021-06-29,2021-201,AZW-2021-06-27_Hanno_Tlustek.pdf,Bezahlt
AZW-2021-07-10_denlos,delo0001@stud.hs-kl.de,2021-07-16,2021-601,AZW-2021-07-10_Sedat_Nohlmans.pdf,Gremien Mitg.
AZW-2021-07-07_robbel,robe0001@stud.hs-kl.de,2021-07-13,2021-201,AZW-2021-07-07_Cindy_Thomas.pdf,Bezahlt
AZW-2021-06-18_aligau,alga0001@stud.hs-kl.de,2021-06-22,2021-101,AZW-2021-06-18_Sophie_Alves.pdf,Bezahlt
AZW-2021-06-25_ingrup,inru0001@stud.hs-kl.de,2021-06-27,2021-501,AZW-2021-06-25_Albin_Beier.pdf,Bezahlt
AZW-2021-07-07_julste,just0001@stud.hs-kl.de,2021-07-11,2021-201,AZW-2021-07-07_Amy_Day.pdf,Bezahlt
AZW-2021-07-02_chrgui,chgu0001@stud.hs-kl.de,2021-07-08,2021-601,AZW-2021-07-02_Olivie_Turpin.pdf,Ausstehend
AZW-2021-07-16_frabai,frba0001@stud.hs-kl.de,2021-07-16,2021-601,AZW-2021-07-16_Emmanuel_Herve.pdf,Bezahlt
AZW-2021-06-19_edifer,edfe0001@stud.hs-kl.de,2021-06-25,2021-501,AZW-2021-06-19_Tristan_Martinez.pdf,Ausstehend
AZW-2021-07-13_alehar,alha0001@stud.hs-kl.de,2021-07-19,2021-401,AZW-2021-07-13_Nathaniel_Gilmore.pdf,Ausstehend
AZW-2021-07-09_milwes,miwe0001@stud.hs-kl.de,2021-07-09,2021-601,AZW-2021-07-09_Nadeschda_Tintzmann.pdf,Bezahlt
AZW-2021-07-05_sebgeo,sege0001@stud.hs-kl.de,2021-07-06,2021-601,AZW-2021-07-05_Laetitia_Lecomte.pdf,Bezahlt
AZW-2021-07-03_janbou,jabo0001@stud.hs-kl.de,2021-07-07,2021-101,AZW-2021-07-03_Margaret_Schmiedecke.pdf,Bezahlt
AZW-2021-07-11_kelmar,kema0001@stud.hs-kl.de,2021-07-12,2021-401,AZW-2021-07-11_Roger_Hart.pdf,Bezahlt
AZW-2021-07-10_adaper,adpe0001@stud.hs-kl.de,2021-07-16,2021-401,AZW-2021-07-10_Stanislav_Holt.pdf,Ausstehend
AZW-2021-07-13_vicwag,viwa0001@stud.hs-kl.de,2021-07-20,2021-101,AZW-2021-07-13_Guillaume_Texier.pdf,Bezahlt
AZW-2021-06-20_karstr,kast0001@stud.hs-kl.de,2021-06-22,2021-501,AZW-2021-06-20_Jamie_Mcgee.pdf,Ausstehend
AZW-2021-06-28_anncam,anca0001@stud.hs-kl.de,2021-06-28,2021-301,AZW-2021-06-28_Maurice_Denis.pdf,Bezahlt
AZW-2021-07-05_phiwoh,phwo0001@stud.hs-kl.de,2021-07-08,2021-401,AZW-2021-07-05_John_Bien.pdf,Ausstehend
AZW-2021-06-22_keipet,kepe0001@stud.hs-kl.de,2021-06-22,2021-501,AZW-2021-06-22_Nicole_Soto.pdf,Bezahlt
AZW-2021-07-17_astlom,aslo0001@stud.hs-kl.de,2021-07-21,2021-301,AZW-2021-07-17_Valentine_Legros.pdf,Bezahlt
AZW-2021-06-29_mancol,maco0001@stud.hs-kl.de,2021-06-29,2021-601,AZW-2021-06-29_Michelle_Roche.pdf,Bezahlt
AZW-2021-06-20_walbol,wabo0001@stud.hs-kl.de,2021-06-24,2021-101,AZW-2021-06-20_Erik_Beer.pdf,Ausstehend
AZW-2021-07-13_bladod,bldo0001@stud.hs-kl.de,2021-07-13,2021-201,AZW-2021-07-13_Brendan_Wolf.pdf,Bezahlt
AZW-2021-07-09_frawhi,frwh0001@stud.hs-kl.de,2021-07-13,2021-401,AZW-2021-07-09_Crystal_Franklin.pdf,Bezahlt
AZW-2021-06-23_stemil,stmi0001@stud.hs-kl.de,2021-06-27,2021-401,AZW-2021-06-23_Sarah_Benjamin.pdf,Ausstehend
AZW-2021-07-10_ewadit,ewdi0001@stud.hs-kl.de,2021-07-17,2021-101,AZW-2021-07-10_Edith_Drewes.pdf,Gremien Mitg.
AZW-2021-06-27_arnfli,arfl0001@stud.hs-kl.de,2021-07-04,2021-601,AZW-2021-06-27_Nermin_Ruppersberger.pdf,Ausstehend
AZW-2021-06-28_mechaa,meha0001@stud.hs-kl.de,2021-07-05,2021-401,AZW-2021-06-28_Hedda_Bauer.pdf,Bezahlt
AZW-2021-07-10_gunlin,guli0001@stud.hs-kl.de,2021-07-15,2021-201,AZW-2021-07-10_Baptist_Barth.pdf,Bezahlt
AZW-2021-06-23_alevin,alvi0001@stud.hs-kl.de,2021-06-28,2021-201,AZW-2021-06-23_Renée_Collet.pdf,Ausstehend
AZW-2021-06-24_cynhan,cyha0001@stud.hs-kl.de,2021-06-26,2021-201,AZW-2021-06-24_Klaus Peter_Sorgatz.pdf,Bezahlt
AZW-2021-06-28_erigon,ergo0001@stud.hs-kl.de,2021-07-03,2021-401,AZW-2021-06-28_Françoise_Perrot.pdf,Bezahlt
AZW-2021-07-10_davbry,dabr0001@stud.hs-kl.de,2021-07-14,2021-501,AZW-2021-07-10_Joshua_Watkins.pdf,Bezahlt
AZW-2021-06-24_zlakna,zlkn0001@stud.hs-kl.de,2021-06-30,2021-201,AZW-2021-06-24_Philomena_Henk.pdf,Bezahlt
AZW-2021-06-28_sevger,sege0002@stud.hs-kl.de,2021-07-04,2021-201,AZW-2021-06-28_Hans-Detlef_Hertrampf.pdf,Bezahlt
AZW-2021-07-08_sablop,salo0001@stud.hs-kl.de,2021-07-12,2021-401,AZW-2021-07-08_Denis_Ribeiro.pdf,Bezahlt
AZW-2021-07-08_sablev,sale0001@stud.hs-kl.de,2021-07-09,2021-201,AZW-2021-07-08_Michel_Colas.pdf,Gremien Mitg.
AZW-2021-07-12_alpmil,almi0001@stud.hs-kl.de,2021-07-13,2021-201,AZW-2021-07-12_Pierre_Dupuy.pdf,Bezahlt
AZW-2021-06-27_nanbro,nabr0001@stud.hs-kl.de,2021-07-01,2021-201,AZW-2021-06-27_Carla_Holt.pdf,Bezahlt
AZW-2021-07-06_celpet,cepe0001@stud.hs-kl.de,2021-07-08,2021-601,AZW-2021-07-06_Zoé_Gros.pdf,Ausstehend
AZW-2021-06-26_marsch,masc0001@stud.hs-kl.de,2021-07-03,2021-601,AZW-2021-06-26_Mechtild_Segebahn.pdf,Bezahlt
AZW-2021-06-28_danlie,dali0001@stud.hs-kl.de,2021-06-30,2021-301,AZW-2021-06-28_Heinfried_Hering.pdf,Gremien Mitg.
AZW-2021-06-25_maubla,mabl0001@stud.hs-kl.de,2021-07-01,2021-101,AZW-2021-06-25_Lucy_Hebert.pdf,Ausstehend
AZW-2021-07-13_serode,seod0001@stud.hs-kl.de,2021-07-16,2021-501,AZW-2021-07-13_Edeltrud_Bloch.pdf,Bezahlt
AZW-2021-07-02_nikhen,nihe0001@stud.hs-kl.de,2021-07-08,2021-101,AZW-2021-07-02_Susanna_Scholl.pdf,Bezahlt
AZW-2021-06-24_lorros,loro0001@stud.hs-kl.de,2021-06-27,2021-201,AZW-2021-06-24_Timothy_Jackson.pdf,Ausstehend
AZW-2021-06-23_roskra,rokr0001@stud.hs-kl.de,2021-06-23,2021-501,AZW-2021-06-23_Nermin_Juncken.pdf,Bezahlt
AZW-2021-07-09_xensei,xese0001@stud.hs-kl.de,2021-07-12,2021-601,AZW-2021-07-09_Oda_Trubin.pdf,Bezahlt
AZW-2021-07-09_kunvog,kuvo0001@stud.hs-kl.de,2021-07-13,2021-201,AZW-2021-07-09_Gebhard_Buchholz.pdf,Bezahlt
AZW-2021-07-17_gudwir,guwi0001@stud.hs-kl.de,2021-07-20,2021-501,AZW-2021-07-17_Sibilla_Kruschwitz.pdf,Bezahlt
AZW-2021-07-12_auddav,auda0001@stud.hs-kl.de,2021-07-16,2021-301,AZW-2021-07-12_Inès_Renault.pdf,Bezahlt
AZW-2021-07-07_zolwei,zowe0001@stud.hs-kl.de,2021-07-14,2021-301,AZW-2021-07-07_Hannes_Jacobi Jäckel.pdf,Bezahlt
AZW-2021-07-04_benlin,beli0001@stud.hs-kl.de,2021-07-09,2021-201,AZW-2021-07-04_Karl_Barkholz.pdf,Ausstehend
AZW-2021-07-09_bramil,brmi0001@stud.hs-kl.de,2021-07-13,2021-301,AZW-2021-07-09_Andrew_Hill.pdf,Bezahlt
AZW-2021-07-11_juscra,jucr0001@stud.hs-kl.de,2021-07-17,2021-501,AZW-2021-07-11_Julie_Crawford.pdf,Gremien Mitg.
AZW-2021-07-08_ekkrup,ekru0001@stud.hs-kl.de,2021-07-14,2021-301,AZW-2021-07-08_Erwin_Finke.pdf,Bezahlt
AZW-2021-07-11_joskin,joki0001@stud.hs-kl.de,2021-07-17,2021-301,AZW-2021-07-11_Jonathan_Hall.pdf,Bezahlt
AZW-2021-07-04_abrren,abre0001@stud.hs-kl.de,2021-07-06,2021-601,AZW-2021-07-04_Claus-Peter_Fechner.pdf,Ausstehend
AZW-2021-07-03_clacha,clch0001@stud.hs-kl.de,2021-07-05,2021-601,AZW-2021-07-03_Daniel_Gauthier.pdf,Bezahlt
AZW-2021-06-18_robphe,roph0001@stud.hs-kl.de,2021-06-24,2021-401,AZW-2021-06-18_Nicole_Wise.pdf,Ausstehend
AZW-2021-07-10_joebuc,jobu0001@stud.hs-kl.de,2021-07-17,2021-401,AZW-2021-07-10_Lisa_Thompson.pdf,Bezahlt
AZW-2021-07-05_lanjon,lajo0001@stud.hs-kl.de,2021-07-09,2021-301,AZW-2021-07-05_Derek_Anderson.pdf,Gremien Mitg.
AZW-2021-06-25_jarben,jabe0001@stud.hs-kl.de,2021-06-29,2021-201,AZW-2021-06-25_Laura_Mcdonald.pdf,Gremien Mitg.
AZW-2021-06-22_gredre,grdr0001@stud.hs-kl.de,2021-06-29,2021-201,AZW-2021-06-22_Gertraud_Stey.pdf,Bezahlt
AZW-2021-07-13_karbru,kabr0001@stud.hs-kl.de,2021-07-18,2021-501,AZW-2021-07-13_Rotraud_Kitzmann.pdf,Bezahlt
AZW-2021-07-11_rayrou,raro0001@stud.hs-kl.de,2021-07-18,2021-201,AZW-2021-07-11_Marguerite_Perrot.pdf,Bezahlt
AZW-2021-07-03_josste,jost0001@stud.hs-kl.de,2021-07-08,2021-201,AZW-2021-07-03_Ryan_Bailey.pdf,Bezahlt
AZW-2021-06-24_aleval,alva0001@stud.hs-kl.de,2021-06-27,2021-201,AZW-2021-06-24_Monique_Mallet.pdf,Bezahlt
AZW-2021-06-26_madbai,maba0001@stud.hs-kl.de,2021-06-26,2021-401,AZW-2021-06-26_Brigitte_Lebon.pdf,Bezahlt
AZW-2021-06-24_nicroh,niro0001@stud.hs-kl.de,2021-06-29,2021-401,AZW-2021-06-24_Eleonora_Hendriks.pdf,Ausstehend
AZW-2021-06-28_annger,ange0002@stud.hs-kl.de,2021-06-29,2021-101,AZW-2021-06-28_Hubertine_Wieloch.pdf,Bezahlt
AZW-2021-06-22_jamtay,jata0001@stud.hs-kl.de,2021-06-25,2021-101,AZW-2021-06-22_Peggy_Li.pdf,Bezahlt
AZW-2021-07-16_carkra,cakr0001@stud.hs-kl.de,2021-07-17,2021-101,AZW-2021-07-16_Evelin_Heidrich.pdf,Ausstehend
AZW-2021-07-06_gerber,gebe0001@stud.hs-kl.de,2021-07-11,2021-301,AZW-2021-07-06_Reimer_Anders.pdf,Bezahlt
AZW-2021-07-03_vicoli,viol0001@stud.hs-kl.de,2021-07-05,2021-101,AZW-2021-07-03_Sarah_Torres.pdf,Ausstehend
AZW-2021-07-10_helduv,hedu0001@stud.hs-kl.de,2021-07-14,2021-201,AZW-2021-07-10_Aimée_Bourdon.pdf,Bezahlt
AZW-2021-06-29_eritho,erth0001@stud.hs-kl.de,2021-07-02,2021-601,AZW-2021-06-29_Thomas_Walton.pdf,Bezahlt
AZW-2021-07-12_adehoa,adho0001@stud.hs-kl.de,2021-07-14,2021-201,AZW-2021-07-12_Julien_Letellier.pdf,Bezahlt
AZW-2021-06-19_laulec,lale0001@stud.hs-kl.de,2021-06-26,2021-301,AZW-2021-06-19_Isabelle_Costa.pdf,Ausstehend
AZW-2021-07-08_phival,phva0001@stud.hs-kl.de,2021-07-12,2021-301,AZW-2021-07-08_Kim_Fritz.pdf,Ausstehend
AZW-2021-06-30_olafor,olfo0001@stud.hs-kl.de,2021-07-05,2021-601,AZW-2021-06-30_Dorothe_Benthin.pdf,Ausstehend
AZW-2021-07-20_cortin,coti0001@stud.hs-kl.de,2021-07-20,2021-601,AZW-2021-07-20_Verena_Thies.pdf,Bezahlt
AZW-2021-07-05_catdev,cade0001@stud.hs-kl.de,2021-07-07,2021-301,AZW-2021-07-05_Tristan_Perrin.pdf,Ausstehend
AZW-2021-06-21_adafau,adfa0001@stud.hs-kl.de,2021-06-28,2021-401,AZW-2021-06-21_Victor_Ruppert.pdf,Bezahlt
AZW-2021-07-02_melmcc,memc0001@stud.hs-kl.de,2021-07-02,2021-101,AZW-2021-07-02_Laura_Solomon.pdf,Ausstehend
AZW-2021-06-24_gitmat,gima0001@stud.hs-kl.de,2021-06-30,2021-201,AZW-2021-06-24_Lea_Mielcarek.pdf,Gremien Mitg.
AZW-2021-06-30_saband,saan0001@stud.hs-kl.de,2021-07-04,2021-601,AZW-2021-06-30_Alexis_Davis.pdf,Bezahlt
AZW-2021-07-18_laukim,laki0001@stud.hs-kl.de,2021-07-21,2021-101,AZW-2021-07-18_Misty_Sweeney.pdf,Ausstehend
AZW-2021-07-10_fabher,fahe0001@stud.hs-kl.de,2021-07-17,2021-201,AZW-2021-07-10_Iris_Döhn.pdf,Ausstehend
AZW-2021-06-29_hanmey,hame0001@stud.hs-kl.de,2021-07-03,2021-101,AZW-2021-06-29_Heide_Textor.pdf,Bezahlt
AZW-2021-07-05_angkra,ankr0001@stud.hs-kl.de,2021-07-05,2021-501,AZW-2021-07-05_Zeynep_Ditschlerin.pdf,Bezahlt
AZW-2021-07-08_inelab,inla0001@stud.hs-kl.de,2021-07-13,2021-601,AZW-2021-07-08_Christine_Leroy.pdf,Ausstehend
AZW-2021-06-18_amacon,amco0001@stud.hs-kl.de,2021-06-23,2021-401,AZW-2021-06-18_Courtney_Glover.pdf,Ausstehend
AZW-2021-07-04_alemcc,almc0001@stud.hs-kl.de,2021-07-11,2021-401,AZW-2021-07-04_Mercedes_Campbell.pdf,Gremien Mitg.
AZW-2021-07-12_raywil,rawi0002@stud.hs-kl.de,2021-07-13,2021-501,AZW-2021-07-12_Alexis_Long.pdf,Bezahlt
AZW-2021-07-15_ariher,arhe0001@stud.hs-kl.de,2021-07-20,2021-401,AZW-2021-07-15_Kamil_Trapp.pdf,Ausstehend
AZW-2021-07-02_colmar,coma0001@stud.hs-kl.de,2021-07-09,2021-501,AZW-2021-07-02_Dennis_Thornton.pdf,Bezahlt
AZW-2021-07-02_ankdow,ando0001@stud.hs-kl.de,2021-07-06,2021-501,AZW-2021-07-02_Philipp_Patberg.pdf,Bezahlt
AZW-2021-06-23_monwin,mowi0001@stud.hs-kl.de,2021-06-24,2021-201,AZW-2021-06-23_Miroslav_Buchholz.pdf,Ausstehend
AZW-2021-06-18_capfer,cafe0001@stud.hs-kl.de,2021-06-24,2021-301,AZW-2021-06-18_Josette_Moreno.pdf,Ausstehend
AZW-2021-06-20_marmcc,mamc0001@stud.hs-kl.de,2021-06-26,2021-501,AZW-2021-06-20_Carrie_Rodriguez.pdf,Bezahlt
AZW-2021-07-10_lilpla,lipl0001@stud.hs-kl.de,2021-07-12,2021-201,AZW-2021-07-10_Cecilia_Striebitz.pdf,Bezahlt
AZW-2021-06-22_etirod,etro0001@stud.hs-kl.de,2021-06-24,2021-301,AZW-2021-06-22_Thibault_Pasquier.pdf,Bezahlt
AZW-2021-07-12_bralyn,brly0001@stud.hs-kl.de,2021-07-14,2021-201,AZW-2021-07-12_Julie_Watts.pdf,Bezahlt
AZW-2021-06-24_edoduh,eddu0001@stud.hs-kl.de,2021-06-29,2021-101,AZW-2021-06-24_Inès_Lebreton.pdf,Gremien Mitg.
AZW-2021-07-17_kungra,kugr0001@stud.hs-kl.de,2021-07-17,2021-201,AZW-2021-07-17_Auguste_Schulz.pdf,Bezahlt
AZW-2021-06-24_lucoli,luol0001@stud.hs-kl.de,2021-06-28,2021-501,AZW-2021-06-24_Guillaume_Dupuy.pdf,Ausstehend
AZW-2021-07-17_agngod,aggo0001@stud.hs-kl.de,2021-07-18,2021-101,AZW-2021-07-17_Étienne_Salmon.pdf,Bezahlt
AZW-2021-06-22_heibar,heba0001@stud.hs-kl.de,2021-06-28,2021-501,AZW-2021-06-22_Alexa_Hölzenbecher.pdf,Bezahlt
AZW-2021-06-19_gerfou,gefo0001@stud.hs-kl.de,2021-06-22,2021-301,AZW-2021-06-19_Claudine_Lemaitre.pdf,Ausstehend
AZW-2021-07-01_erhwal,erwa0001@stud.hs-kl.de,2021-07-02,2021-501,AZW-2021-07-01_Reingard_Werner.pdf,Bezahlt
AZW-2021-07-08_roblac,rola0001@stud.hs-kl.de,2021-07-10,2021-101,AZW-2021-07-08_Teresa_Seifert.pdf,Ausstehend
AZW-2021-07-06_mirrus,miru0001@stud.hs-kl.de,2021-07-06,2021-601,AZW-2021-07-06_Willy_Fröhlich.pdf,Ausstehend
AZW-2021-06-21_dangre,dagr0001@stud.hs-kl.de,2021-06-25,2021-301,AZW-2021-06-21_Jacqueline_Harvey.pdf,Bezahlt
AZW-2021-06-26_matdan,mada0001@stud.hs-kl.de,2021-07-03,2021-601,AZW-2021-06-26_James_Holloway.pdf,Ausstehend
AZW-2021-07-03_juldor,judo0001@stud.hs-kl.de,2021-07-07,2021-401,AZW-2021-07-03_Hans-Günter_Hörle.pdf,Bezahlt
AZW-2021-06-19_benhar,beha0001@stud.hs-kl.de,2021-06-25,2021-101,AZW-2021-06-19_Adeline_Jungfer.pdf,Ausstehend
AZW-2021-06-21_micdel,mide0001@stud.hs-kl.de,2021-06-26,2021-201,AZW-2021-06-21_Arthur_Moreno.pdf,Bezahlt
AZW-2021-07-05_chrmis,chmi0001@stud.hs-kl.de,2021-07-09,2021-401,AZW-2021-07-05_Milka_Weiß.pdf,Ausstehend
AZW-2021-06-28_susmac,suma0001@stud.hs-kl.de,2021-07-02,2021-401,AZW-2021-06-28_Emmanuel_Gomez.pdf,Bezahlt
AZW-2021-06-29_waymil,wami0001@stud.hs-kl.de,2021-07-04,2021-301,AZW-2021-06-29_Jessica_Lam.pdf,Bezahlt
AZW-2021-07-12_artmat,arma0001@stud.hs-kl.de,2021-07-14,2021-201,AZW-2021-07-12_Alice_Bourgeois.pdf,Bezahlt
AZW-2021-07-14_trupaf,trpa0001@stud.hs-kl.de,2021-07-18,2021-601,AZW-2021-07-14_Ignatz_Schmiedt.pdf,Bezahlt
AZW-2021-06-29_emmdav,emda0001@stud.hs-kl.de,2021-06-29,2021-401,AZW-2021-06-29_Marianne_Normand.pdf,Bezahlt
AZW-2021-07-06_josrey,jore0001@stud.hs-kl.de,2021-07-07,2021-201,AZW-2021-07-06_Xavier_Gosselin.pdf,Bezahlt
AZW-2021-07-04_thoyou,thyo0001@stud.hs-kl.de,2021-07-11,2021-201,AZW-2021-07-04_Ashley_Bryant.pdf,Bezahlt
AZW-2021-07-05_genpay,gepa0001@stud.hs-kl.de,2021-07-06,2021-501,AZW-2021-07-05_Bernard_Blondel.pdf,Bezahlt
AZW-2021-07-05_tyljac,tyja0001@stud.hs-kl.de,2021-07-05,2021-301,AZW-2021-07-05_Nancy_Ortiz.pdf,Ausstehend
AZW-2021-07-15_fririe,frri0001@stud.hs-kl.de,2021-07-18,2021-601,AZW-2021-07-15_Nikolaj_Bohlander.pdf,Gremien Mitg.
AZW-2021-06-25_siehov,siho0001@stud.hs-kl.de,2021-06-28,2021-301,AZW-2021-06-25_Alexa_Lachmann.pdf,Bezahlt
AZW-2021-07-02_telhei,tehe0001@stud.hs-kl.de,2021-07-03,2021-401,AZW-2021-07-02_Ismail_Dussen van.pdf,Bezahlt
AZW-2021-07-03_genper,gepe0001@stud.hs-kl.de,2021-07-03,2021-401,AZW-2021-07-03_Éléonore_Guibert.pdf,Ausstehend
AZW-2021-06-28_ivomen,ivme0001@stud.hs-kl.de,2021-06-28,2021-201,AZW-2021-06-28_Gesine_Eimer.pdf,Bezahlt
AZW-2021-07-04_danmor,damo0001@stud.hs-kl.de,2021-07-09,2021-501,AZW-2021-07-04_George_Stephens.pdf,Ausstehend
AZW-2021-07-12_matada,maad0001@stud.hs-kl.de,2021-07-15,2021-201,AZW-2021-07-12_Lynn_Brown.pdf,Ausstehend
AZW-2021-06-22_crayu,cryu0001@stud.hs-kl.de,2021-06-22,2021-301,AZW-2021-06-22_Michael_Dunn.pdf,Ausstehend
AZW-2021-07-09_tribon,trbo0001@stud.hs-kl.de,2021-07-14,2021-401,AZW-2021-07-09_Claire_Michaud.pdf,Bezahlt
AZW-2021-07-03_amyada,amad0001@stud.hs-kl.de,2021-07-04,2021-601,AZW-2021-07-03_Troy_Gonzalez.pdf,Bezahlt
AZW-2021-06-30_marben,mabe0001@stud.hs-kl.de,2021-07-06,2021-201,AZW-2021-06-30_Linda_Larson.pdf,Ausstehend
AZW-2021-07-08_vicper,vipe0001@stud.hs-kl.de,2021-07-10,2021-501,AZW-2021-07-08_Émilie_Riviere.pdf,Bezahlt
AZW-2021-07-17_pattru,patr0001@stud.hs-kl.de,2021-07-18,2021-601,AZW-2021-07-17_Margitta_Killer.pdf,Bezahlt
AZW-2021-07-04_bergui,begu0001@stud.hs-kl.de,2021-07-10,2021-201,AZW-2021-07-04_Émilie_Maury.pdf,Bezahlt
AZW-2021-07-16_ilsmar,ilma0001@stud.hs-kl.de,2021-07-20,2021-501,AZW-2021-07-16_Kamil_Johann.pdf,Bezahlt
AZW-2021-07-08_davdun,dadu0001@stud.hs-kl.de,2021-07-09,2021-501,AZW-2021-07-08_Michael_Bradley.pdf,Bezahlt
AZW-2021-07-11_rencar,reca0001@stud.hs-kl.de,2021-07-15,2021-401,AZW-2021-07-11_Chantal_Lebon.pdf,Bezahlt
AZW-2021-06-27_nikkob,niko0001@stud.hs-kl.de,2021-06-28,2021-501,AZW-2021-06-27_Hans-Gerd_auch Schlauchin.pdf,Ausstehend
AZW-2021-07-16_marwil,mawi0001@stud.hs-kl.de,2021-07-20,2021-301,AZW-2021-07-16_Rebecca_Cole.pdf,Bezahlt
AZW-2021-06-23_trida ,trda0001@stud.hs-kl.de,2021-06-23,2021-601,AZW-2021-06-23_Grégoire_Lefevre.pdf,Bezahlt
AZW-2021-07-14_jossch,josc0001@stud.hs-kl.de,2021-07-20,2021-101,AZW-2021-07-14_Emilie_Koch.pdf,Bezahlt
AZW-2021-06-20_vicjol,vijo0001@stud.hs-kl.de,2021-06-26,2021-101,AZW-2021-06-20_Caroline_Marques.pdf,Ausstehend
AZW-2021-06-26_johbra,jobr0001@stud.hs-kl.de,2021-06-29,2021-601,AZW-2021-06-26_Ian_Wilson.pdf,Bezahlt
AZW-2021-06-16_paumal,pama0001@stud.hs-kl.de,2021-06-23,2021-301,AZW-2021-06-16_Simone_Moulin.pdf,Ausstehend
AZW-2021-07-03_emirib,emri0001@stud.hs-kl.de,2021-07-07,2021-601,AZW-2021-07-03_Pénélope_Lemoine.pdf,Bezahlt
AZW-2021-07-15_kripar,krpa0001@stud.hs-kl.de,2021-07-18,2021-401,AZW-2021-07-15_Tammy_Miller.pdf,Bezahlt
AZW-2021-06-21_johand,joan0001@stud.hs-kl.de,2021-06-25,2021-401,AZW-2021-06-21_Erica_Reeves.pdf,Bezahlt
AZW-2021-07-03_agnbie,agbi0001@stud.hs-kl.de,2021-07-10,2021-401,AZW-2021-07-03_Mohammad_Hänel.pdf,Bezahlt
AZW-2021-07-08_renpar,repa0001@stud.hs-kl.de,2021-07-08,2021-201,AZW-2021-07-08_Aimée_Torres.pdf,Bezahlt
AZW-2021-06-28_evabey,evbe0001@stud.hs-kl.de,2021-07-02,2021-601,AZW-2021-06-28_Hubertus_Oderwald.pdf,Bezahlt
AZW-2021-07-01_sibhar,siha0001@stud.hs-kl.de,2021-07-05,2021-501,AZW-2021-07-01_Friedhold_Neuschäfer.pdf,Ausstehend
AZW-2021-06-23_agaalb,agal0001@stud.hs-kl.de,2021-06-29,2021-401,AZW-2021-06-23_Henriette_De Oliveira.pdf,Bezahlt
AZW-2021-07-08_adrbou,adbo0001@stud.hs-kl.de,2021-07-10,2021-601,AZW-2021-07-08_René_Breton.pdf,Bezahlt
AZW-2021-06-24_jonwal,jowa0001@stud.hs-kl.de,2021-06-27,2021-501,AZW-2021-06-24_Gerald_Davis.pdf,Bezahlt
AZW-2021-07-08_diabou,dibo0001@stud.hs-kl.de,2021-07-12,2021-101,AZW-2021-07-08_Maggie_Marques.pdf,Bezahlt
AZW-2021-07-01_jesgra,jegr0001@stud.hs-kl.de,2021-07-06,2021-401,AZW-2021-07-01_George_Stevens.pdf,Ausstehend
AZW-2021-06-23_benlag,bela0001@stud.hs-kl.de,2021-06-29,2021-101,AZW-2021-06-23_Arnaude_Berthelot.pdf,Ausstehend
AZW-2021-07-09_chrhar,chha0001@stud.hs-kl.de,2021-07-15,2021-501,AZW-2021-07-09_Evan_Miller.pdf,Bezahlt
AZW-2021-06-19_manpow,mapo0001@stud.hs-kl.de,2021-06-22,2021-101,AZW-2021-06-19_Ronald_Patton.pdf,Gremien Mitg.
AZW-2021-07-03_inssch,insc0001@stud.hs-kl.de,2021-07-07,2021-501,AZW-2021-07-03_Margaret_Kostolzin.pdf,Bezahlt
AZW-2021-07-08_jaqebe,jaeb0001@stud.hs-kl.de,2021-07-15,2021-501,AZW-2021-07-08_Annelise_Reising.pdf,Bezahlt
AZW-2021-07-13_carwin,cawi0001@stud.hs-kl.de,2021-07-15,2021-401,AZW-2021-07-13_Timm_Geißler.pdf,Bezahlt
AZW-2021-06-28_inkkab,inka0001@stud.hs-kl.de,2021-07-04,2021-401,AZW-2021-06-28_Mesut_Hande.pdf,Bezahlt
AZW-2021-07-15_paubla,pabl0001@stud.hs-kl.de,2021-07-20,2021-201,AZW-2021-07-15_Matthieu_Leleu.pdf,Bezahlt
AZW-2021-06-21_katbow,kabo0001@stud.hs-kl.de,2021-06-23,2021-501,AZW-2021-06-21_Jon_Oliver.pdf,Bezahlt
AZW-2021-07-08_carado,caad0001@stud.hs-kl.de,2021-07-11,2021-401,AZW-2021-07-08_Kristin_Schacht.pdf,Ausstehend
AZW-2021-07-17_debmil,demi0001@stud.hs-kl.de,2021-07-21,2021-301,AZW-2021-07-17_Mary_Richmond.pdf,Bezahlt
AZW-2021-06-27_tateig,taei0001@stud.hs-kl.de,2021-07-04,2021-201,AZW-2021-06-27_Aysel_Zahn.pdf,Ausstehend
AZW-2021-07-08_leosch,lesc0001@stud.hs-kl.de,2021-07-12,2021-601,AZW-2021-07-08_Grzegorz_Sauer.pdf,Ausstehend
AZW-2021-07-04_sentro,setr0001@stud.hs-kl.de,2021-07-11,2021-601,AZW-2021-07-04_Klaus-Werner_Renner.pdf,Ausstehend
AZW-2021-06-23_brydaw,brda0001@stud.hs-kl.de,2021-06-29,2021-401,AZW-2021-06-23_Tina_Edwards.pdf,Ausstehend
AZW-2021-07-03_werlan,wela0001@stud.hs-kl.de,2021-07-08,2021-501,AZW-2021-07-03_Rochus_Butte.pdf,Ausstehend
AZW-2021-06-17_brimil,brmi0002@stud.hs-kl.de,2021-06-23,2021-501,AZW-2021-06-17_Joshua_Lawrence.pdf,Ausstehend
AZW-2021-07-15_tratan,trta0001@stud.hs-kl.de,2021-07-17,2021-401,AZW-2021-07-15_Jessica_Davis.pdf,Bezahlt
AZW-2021-07-02_marman,mama0001@stud.hs-kl.de,2021-07-08,2021-301,AZW-2021-07-02_Karolin_Förster.pdf,Bezahlt
AZW-2021-07-01_dorguy,dogu0001@stud.hs-kl.de,2021-07-08,2021-101,AZW-2021-07-01_Noémi_Legros.pdf,Bezahlt
AZW-2021-06-29_isaduh,isdu0001@stud.hs-kl.de,2021-07-05,2021-301,AZW-2021-06-29_Capucine_Mahe.pdf,Ausstehend
AZW-2021-07-01_albdav,alda0001@stud.hs-kl.de,2021-07-03,2021-401,AZW-2021-07-01_Natasha_Smith.pdf,Gremien Mitg.
AZW-2021-06-22_marbou,mabo0002@stud.hs-kl.de,2021-06-22,2021-201,AZW-2021-06-22_Bernard_Launay.pdf,Bezahlt
AZW-2021-07-04_theand,than0001@stud.hs-kl.de,2021-07-08,2021-601,AZW-2021-07-04_Sébastien_Pelletier.pdf,Bezahlt
AZW-2021-06-28_capval,cava0001@stud.hs-kl.de,2021-07-05,2021-301,AZW-2021-06-28_Célina_Baudry.pdf,Ausstehend
AZW-2021-07-10_kelrod,kero0001@stud.hs-kl.de,2021-07-10,2021-601,AZW-2021-07-10_Kimberly_Richardson.pdf,Bezahlt
AZW-2021-07-05_colfra,cofr0001@stud.hs-kl.de,2021-07-10,2021-401,AZW-2021-07-05_Maggie_Blondel.pdf,Ausstehend
AZW-2021-06-23_patbau,paba0001@stud.hs-kl.de,2021-06-26,2021-401,AZW-2021-06-23_Lorraine_Le Gall.pdf,Bezahlt
AZW-2021-07-03_noegeo,noge0001@stud.hs-kl.de,2021-07-07,2021-201,AZW-2021-07-03_Nicole_De Sousa.pdf,Bezahlt
AZW-2021-06-30_brubis,brbi0001@stud.hs-kl.de,2021-07-02,2021-401,AZW-2021-06-30_Jason_Rivas.pdf,Ausstehend
AZW-2021-07-16_adrmer,adme0001@stud.hs-kl.de,2021-07-20,2021-601,AZW-2021-07-16_Alphonse_Barbe.pdf,Ausstehend
AZW-2021-07-12_gebsod,geso0001@stud.hs-kl.de,2021-07-16,2021-501,AZW-2021-07-12_Freia_Fiebig.pdf,Gremien Mitg.
AZW-2021-07-11_brapre,brpr0001@stud.hs-kl.de,2021-07-16,2021-201,AZW-2021-07-11_Kyle_English.pdf,Bezahlt
AZW-2021-07-11_phiweb,phwe0001@stud.hs-kl.de,2021-07-11,2021-301,AZW-2021-07-11_Valentine_Lambert.pdf,Bezahlt
AZW-2021-07-16_lorrui,loru0001@stud.hs-kl.de,2021-07-19,2021-101,AZW-2021-07-16_Paul_Weiss.pdf,Bezahlt
AZW-2021-06-22_elshae,elha0001@stud.hs-kl.de,2021-06-24,2021-201,AZW-2021-06-22_Marleen_Mies.pdf,Bezahlt
AZW-2021-06-18_imetru,imtr0001@stud.hs-kl.de,2021-06-24,2021-301,AZW-2021-06-18_Diane_Gude.pdf,Bezahlt
AZW-2021-07-08_matled,male0002@stud.hs-kl.de,2021-07-15,2021-401,AZW-2021-07-08_Claudine_Martinez.pdf,Bezahlt
AZW-2021-07-03_antwee,anwe0001@stud.hs-kl.de,2021-07-06,2021-601,AZW-2021-07-03_Travis_Jimenez.pdf,Ausstehend
AZW-2021-06-20_gerhol,geho0001@stud.hs-kl.de,2021-06-27,2021-201,AZW-2021-06-20_Sigrun_Beer.pdf,Ausstehend
AZW-2021-07-11_johwat,jowa0002@stud.hs-kl.de,2021-07-13,2021-401,AZW-2021-07-11_Tiffany_Snyder.pdf,Ausstehend
AZW-2021-06-24_lucche,luch0001@stud.hs-kl.de,2021-07-01,2021-201,AZW-2021-06-24_Léon_Andre.pdf,Gremien Mitg.
AZW-2021-06-27_alepot,alpo0001@stud.hs-kl.de,2021-07-02,2021-301,AZW-2021-06-27_Roland_Delmas.pdf,Bezahlt
AZW-2021-07-09_amatho,amth0001@stud.hs-kl.de,2021-07-14,2021-601,AZW-2021-07-09_Manuel_Meyers.pdf,Ausstehend
AZW-2021-07-14_carwar,cawa0001@stud.hs-kl.de,2021-07-20,2021-401,AZW-2021-07-14_Jacqueline_Smith.pdf,Bezahlt
AZW-2021-07-07_ilibor,ilbo0001@stud.hs-kl.de,2021-07-07,2021-601,AZW-2021-07-07_Cetin_Jäkel.pdf,Ausstehend
AZW-2021-07-10_frebuc,frbu0002@stud.hs-kl.de,2021-07-13,2021-101,AZW-2021-07-10_Elif_Niemeier.pdf,Bezahlt
AZW-2021-06-28_natvel,nave0001@stud.hs-kl.de,2021-07-01,2021-201,AZW-2021-06-28_Mary_Valenzuela.pdf,Bezahlt
AZW-2021-06-21_betgie,begi0001@stud.hs-kl.de,2021-06-23,2021-301,AZW-2021-06-21_Halina_Roskoth.pdf,Bezahlt
AZW-2021-06-23_hugbec,hube0001@stud.hs-kl.de,2021-06-28,2021-101,AZW-2021-06-23_Ulf_Hamann.pdf,Ausstehend
AZW-2021-07-16_mareti,maet0001@stud.hs-kl.de,2021-07-20,2021-601,AZW-2021-07-16_Christophe_Weber.pdf,Bezahlt
AZW-2021-06-18_erhrie,erri0001@stud.hs-kl.de,2021-06-24,2021-101,AZW-2021-06-18_Kirstin_Knappe.pdf,Bezahlt
AZW-2021-07-08_madriv,mari0001@stud.hs-kl.de,2021-07-09,2021-201,AZW-2021-07-08_Jérôme_Millet.pdf,Ausstehend
AZW-2021-07-17_ignrin,igri0001@stud.hs-kl.de,2021-07-17,2021-401,AZW-2021-07-17_Petros_Kuhl.pdf,Bezahlt
AZW-2021-07-20_grebro,grbr0001@stud.hs-kl.de,2021-07-20,2021-401,AZW-2021-07-20_Daniel_Gibson.pdf,Bezahlt
AZW-2021-07-07_lydwil,lywi0001@stud.hs-kl.de,2021-07-14,2021-301,AZW-2021-07-07_Luis_Williams.pdf,Bezahlt
AZW-2021-07-16_diehau,diha0001@stud.hs-kl.de,2021-07-19,2021-401,AZW-2021-07-16_Pirmin_Ritter.pdf,Ausstehend
AZW-2021-06-18_vlarei,vlre0001@stud.hs-kl.de,2021-06-24,2021-201,AZW-2021-06-18_Frank-Michael_Ebert.pdf,Bezahlt
AZW-2021-06-23_bridun,brdu0001@stud.hs-kl.de,2021-06-26,2021-501,AZW-2021-06-23_Tracy_Wiggins.pdf,Bezahlt
AZW-2021-06-22_adrmer,adme0002@stud.hs-kl.de,2021-06-28,2021-501,AZW-2021-06-22_Daniel_Laporte.pdf,Bezahlt
AZW-2021-06-28_genbai,geba0001@stud.hs-kl.de,2021-06-29,2021-301,AZW-2021-06-28_Alain_Lebon.pdf,Bezahlt
AZW-2021-06-23_donvar,dova0001@stud.hs-kl.de,2021-06-27,2021-501,AZW-2021-06-23_Matthew_Kaufman.pdf,Ausstehend
AZW-2021-06-25_susgil,sugi0001@stud.hs-kl.de,2021-06-27,2021-401,AZW-2021-06-25_Eugène_Torres.pdf,Bezahlt
AZW-2021-07-12_astbru,asbr0001@stud.hs-kl.de,2021-07-16,2021-301,AZW-2021-07-12_Camille_Pascal.pdf,Bezahlt
AZW-2021-07-07_aliwal,alwa0001@stud.hs-kl.de,2021-07-11,2021-401,AZW-2021-07-07_Melody_Manning.pdf,Ausstehend
AZW-2021-07-18_chanas,chna0001@stud.hs-kl.de,2021-07-21,2021-601,AZW-2021-07-18_Charles_Gibbs.pdf,Bezahlt
AZW-2021-06-29_stejon,stjo0001@stud.hs-kl.de,2021-07-02,2021-601,AZW-2021-06-29_Richard_Cox.pdf,Bezahlt
AZW-2021-06-23_natlau,nala0001@stud.hs-kl.de,2021-06-25,2021-601,AZW-2021-06-23_Lorraine_Morin.pdf,Bezahlt
AZW-2021-06-25_hatjun,haju0001@stud.hs-kl.de,2021-07-02,2021-201,AZW-2021-06-25_Gina_Junken.pdf,Ausstehend
AZW-2021-06-28_carthi,cath0001@stud.hs-kl.de,2021-07-02,2021-201,AZW-2021-06-28_Pierre_Rodriguez.pdf,Bezahlt
AZW-2021-06-22_madleg,male0003@stud.hs-kl.de,2021-06-27,2021-201,AZW-2021-06-22_Mathilde_Delahaye.pdf,Gremien Mitg.
AZW-2021-06-18_vicdup,vidu0001@stud.hs-kl.de,2021-06-24,2021-201,AZW-2021-06-18_Odette_Chartier.pdf,Bezahlt
AZW-2021-07-05_fralog,frlo0001@stud.hs-kl.de,2021-07-12,2021-201,AZW-2021-07-05_Shannon_Schmidt.pdf,Bezahlt
AZW-2021-07-15_gerbir,gebi0001@stud.hs-kl.de,2021-07-16,2021-601,AZW-2021-07-15_Walfried_Matthäi.pdf,Bezahlt
AZW-2021-07-13_pegfli,pefl0001@stud.hs-kl.de,2021-07-19,2021-301,AZW-2021-07-13_Jens_Stiffel.pdf,Ausstehend
AZW-2021-07-06_laeleg,lale0002@stud.hs-kl.de,2021-07-13,2021-601,AZW-2021-07-06_Amélie_Blanchard.pdf,Ausstehend
AZW-2021-07-04_aritra,artr0001@stud.hs-kl.de,2021-07-09,2021-501,AZW-2021-07-04_Cathleen_Christoph.pdf,Bezahlt
AZW-2021-07-04_vivkre,vikr0001@stud.hs-kl.de,2021-07-11,2021-501,AZW-2021-07-04_Balthasar_Wende.pdf,Bezahlt
AZW-2021-07-14_claros,clro0001@stud.hs-kl.de,2021-07-18,2021-201,AZW-2021-07-14_Anastasia_Kroker.pdf,Ausstehend
AZW-2021-06-24_jacgom,jago0001@stud.hs-kl.de,2021-06-30,2021-401,AZW-2021-06-24_Margot_David.pdf,Bezahlt
AZW-2021-07-13_gerhuh,gehu0001@stud.hs-kl.de,2021-07-17,2021-301,AZW-2021-07-13_Ahmet_Häring.pdf,Bezahlt
AZW-2021-06-28_contur,cotu0001@stud.hs-kl.de,2021-07-04,2021-401,AZW-2021-06-28_Clémence_Lebreton.pdf,Bezahlt
AZW-2021-07-11_jesmil,jemi0001@stud.hs-kl.de,2021-07-11,2021-401,AZW-2021-07-11_David_Greer.pdf,Bezahlt
AZW-2021-06-23_jerfra,jefr0001@stud.hs-kl.de,2021-06-24,2021-301,AZW-2021-06-23_Laura_Hughes.pdf,Bezahlt
AZW-2021-07-19_antdum,andu0001@stud.hs-kl.de,2021-07-20,2021-601,AZW-2021-07-19_Étienne_Bodin.pdf,Ausstehend
AZW-2021-07-01_mercol,meco0001@stud.hs-kl.de,2021-07-04,2021-501,AZW-2021-07-01_Brenda_Schneider.pdf,Ausstehend
AZW-2021-07-21_meldod,medo0001@stud.hs-kl.de,2021-07-21,2021-601,AZW-2021-07-21_Toni_Walker.pdf,Bezahlt
AZW-2021-07-10_gabmon,gamo0001@stud.hs-kl.de,2021-07-11,2021-301,AZW-2021-07-10_Julie_Vaillant.pdf,Bezahlt
AZW-2021-07-03_ebedre,ebdr0001@stud.hs-kl.de,2021-07-09,2021-101,AZW-2021-07-03_Brita_Stahr.pdf,Bezahlt
AZW-2021-07-18_jormar,joma0001@stud.hs-kl.de,2021-07-21,2021-201,AZW-2021-07-18_Christine_Dodson.pdf,Bezahlt
AZW-2021-06-20_heljac,heja0001@stud.hs-kl.de,2021-06-22,2021-101,AZW-2021-06-20_Guido_Kramer.pdf,Bezahlt
AZW-2021-06-30_stemil,stmi0002@stud.hs-kl.de,2021-07-02,2021-401,AZW-2021-06-30_Michael_Howell.pdf,Bezahlt
AZW-2021-07-06_anttin,anti0001@stud.hs-kl.de,2021-07-10,2021-301,AZW-2021-07-06_Irmi_Fritsch.pdf,Bezahlt
AZW-2021-06-16_madhei,mahe0001@stud.hs-kl.de,2021-06-23,2021-401,AZW-2021-06-16_Alessandro_Schacht.pdf,Ausstehend
AZW-2021-07-19_moncla,mocl0001@stud.hs-kl.de,2021-07-19,2021-101,AZW-2021-07-19_Carl_Yoder.pdf,Bezahlt
AZW-2021-07-14_detvan,deva0001@stud.hs-kl.de,2021-07-17,2021-201,AZW-2021-07-14_Heide-Marie_Rose.pdf,Ausstehend
AZW-2021-07-09_pencor,peco0001@stud.hs-kl.de,2021-07-11,2021-201,AZW-2021-07-09_Caroline_Salmon.pdf,Bezahlt
AZW-2021-07-17_isajac,isja0001@stud.hs-kl.de,2021-07-17,2021-401,AZW-2021-07-17_James_Santana.pdf,Bezahlt
AZW-2021-06-24_joscam,joca0001@stud.hs-kl.de,2021-06-28,2021-201,AZW-2021-06-24_Robert_Brown.pdf,Ausstehend
AZW-2021-06-16_mirtas,mita0001@stud.hs-kl.de,2021-06-23,2021-601,AZW-2021-06-16_Aneta_Franke.pdf,Ausstehend
AZW-2021-06-28_thagei,thge0001@stud.hs-kl.de,2021-06-29,2021-301,AZW-2021-06-28_Zeljko_Kabus.pdf,Bezahlt
AZW-2021-07-12_penaug,peau0001@stud.hs-kl.de,2021-07-19,2021-501,AZW-2021-07-12_Henriette_Herve.pdf,Bezahlt
AZW-2021-06-18_harjan,haja0001@stud.hs-kl.de,2021-06-22,2021-201,AZW-2021-06-18_Ingo_Koch.pdf,Bezahlt
AZW-2021-07-05_lauled,lale0003@stud.hs-kl.de,2021-07-09,2021-201,AZW-2021-07-05_Isabelle_Reynaud.pdf,Bezahlt
AZW-2021-07-09_leovas,leva0001@stud.hs-kl.de,2021-07-10,2021-201,AZW-2021-07-09_Joseph_Boulay.pdf,Ausstehend
AZW-2021-07-04_marmai,mama0002@stud.hs-kl.de,2021-07-07,2021-601,AZW-2021-07-04_Astrid_Deschamps.pdf,Bezahlt
AZW-2021-06-25_wulroh,wuro0001@stud.hs-kl.de,2021-06-28,2021-601,AZW-2021-06-25_Concetta_Linke.pdf,Ausstehend
AZW-2021-06-28_ralhol,raho0001@stud.hs-kl.de,2021-06-28,2021-601,AZW-2021-06-28_Hilma_Wilmsen.pdf,Bezahlt
AZW-2021-07-01_utefro,utfr0001@stud.hs-kl.de,2021-07-07,2021-301,AZW-2021-07-01_Vassilios_Bauer.pdf,Bezahlt
AZW-2021-06-23_colbuc,cobu0001@stud.hs-kl.de,2021-06-24,2021-201,AZW-2021-06-23_Carla_Anderson.pdf,Ausstehend
AZW-2021-06-28_liewes,liwe0001@stud.hs-kl.de,2021-07-02,2021-501,AZW-2021-06-28_Sophia_Renner.pdf,Ausstehend
AZW-2021-07-07_margil,magi0001@stud.hs-kl.de,2021-07-09,2021-201,AZW-2021-07-07_Renée_Robert.pdf,Ausstehend
AZW-2021-07-13_richof,riho0001@stud.hs-kl.de,2021-07-13,2021-101,AZW-2021-07-13_Jeffrey_Adams.pdf,Bezahlt
AZW-2021-06-27_amemor,ammo0001@stud.hs-kl.de,2021-06-28,2021-201,AZW-2021-06-27_Christophe_Hoarau.pdf,Bezahlt
AZW-2021-07-13_coraub,coau0001@stud.hs-kl.de,2021-07-13,2021-601,AZW-2021-07-13_Stéphane_Gaillard.pdf,Bezahlt
AZW-2021-06-27_jengon,jego0001@stud.hs-kl.de,2021-06-28,2021-201,AZW-2021-06-27_Kendra_Young.pdf,Bezahlt
AZW-2021-07-07_donoli,dool0001@stud.hs-kl.de,2021-07-14,2021-101,AZW-2021-07-07_Kimberly_Conway.pdf,Bezahlt
AZW-2021-07-03_scotho,scth0001@stud.hs-kl.de,2021-07-03,2021-601,AZW-2021-07-03_Jessica_Perry.pdf,Ausstehend
AZW-2021-06-20_micbra,mibr0001@stud.hs-kl.de,2021-06-25,2021-601,AZW-2021-06-20_Alexander_Snyder.pdf,Bezahlt
AZW-2021-07-13_kevell,keel0001@stud.hs-kl.de,2021-07-17,2021-501,AZW-2021-07-13_Diana_Adams.pdf,Gremien Mitg.
AZW-2021-06-28_jultan,juta0001@stud.hs-kl.de,2021-07-05,2021-301,AZW-2021-06-28_Thérèse_Gilbert.pdf,Ausstehend
AZW-2021-07-15_antmoo,anmo0001@stud.hs-kl.de,2021-07-20,2021-601,AZW-2021-07-15_Andrew_Bailey.pdf,Ausstehend
AZW-2021-06-21_robgar,roga0001@stud.hs-kl.de,2021-06-26,2021-201,AZW-2021-06-21_Melinda_Carroll.pdf,Ausstehend
AZW-2021-07-17_brihan,brha0001@stud.hs-kl.de,2021-07-20,2021-401,AZW-2021-07-17_Kathryn_Jackson.pdf,Ausstehend
AZW-2021-06-22_wilneu,wine0001@stud.hs-kl.de,2021-06-28,2021-201,AZW-2021-06-22_Brunhilde_Wernecke.pdf,Bezahlt
AZW-2021-06-23_angpat,anpa0001@stud.hs-kl.de,2021-06-28,2021-301,AZW-2021-06-23_Sharon_Valdez.pdf,Bezahlt
AZW-2021-06-26_marmar,mama0003@stud.hs-kl.de,2021-06-30,2021-601,AZW-2021-06-26_Pierre_Dijoux.pdf,Gremien Mitg.
AZW-2021-06-24_aleher,alhe0001@stud.hs-kl.de,2021-06-29,2021-501,AZW-2021-06-24_Bogdan_Gorlitz.pdf,Ausstehend
AZW-2021-06-28_heland,hean0001@stud.hs-kl.de,2021-06-29,2021-101,AZW-2021-06-28_Adèle_Gosselin.pdf,Bezahlt
AZW-2021-07-17_kenmat,kema0002@stud.hs-kl.de,2021-07-17,2021-201,AZW-2021-07-17_Adam_Montes.pdf,Bezahlt
AZW-2021-06-23_danwer,dawe0001@stud.hs-kl.de,2021-06-23,2021-201,AZW-2021-06-23_Patrizia_Klingelhöfer.pdf,Bezahlt
AZW-2021-06-29_bozwei,bowe0001@stud.hs-kl.de,2021-07-01,2021-501,AZW-2021-06-29_Sarah_Schenk.pdf,Ausstehend
AZW-2021-06-17_darbak,daba0001@stud.hs-kl.de,2021-06-24,2021-601,AZW-2021-06-17_John_Hall.pdf,Ausstehend
AZW-2021-06-24_jacfer,jafe0001@stud.hs-kl.de,2021-06-25,2021-601,AZW-2021-06-24_Michelle_Lamy.pdf,Bezahlt
AZW-2021-06-22_luiste,lust0001@stud.hs-kl.de,2021-06-22,2021-101,AZW-2021-06-22_Willi_Kitzmann.pdf,Bezahlt
AZW-2021-07-13_wilpas,wipa0001@stud.hs-kl.de,2021-07-16,2021-601,AZW-2021-07-13_Alice_Cousin.pdf,Bezahlt
AZW-2021-06-25_annror,anro0001@stud.hs-kl.de,2021-06-27,2021-301,AZW-2021-06-25_Gerti_Hartmann.pdf,Bezahlt
AZW-2021-07-06_alimah,alma0001@stud.hs-kl.de,2021-07-12,2021-501,AZW-2021-07-06_Hortense_Brunel.pdf,Bezahlt
AZW-2021-07-06_henmen,heme0001@stud.hs-kl.de,2021-07-11,2021-401,AZW-2021-07-06_Chantal_Picard.pdf,Bezahlt
AZW-2021-07-03_jodols,jool0001@stud.hs-kl.de,2021-07-03,2021-601,AZW-2021-07-03_Darlene_Diaz.pdf,Ausstehend
AZW-2021-06-24_fribee,frbe0001@stud.hs-kl.de,2021-06-27,2021-401,AZW-2021-06-24_Marc_Kreusel.pdf,Bezahlt
AZW-2021-07-11_josbla,jobl0001@stud.hs-kl.de,2021-07-13,2021-101,AZW-2021-07-11_Joséphine_Lucas.pdf,Bezahlt
AZW-2021-07-13_leosol,leso0001@stud.hs-kl.de,2021-07-14,2021-501,AZW-2021-07-13_Olga_Trub.pdf,Ausstehend
AZW-2021-07-08_josjon,jojo0001@stud.hs-kl.de,2021-07-12,2021-501,AZW-2021-07-08_Timothy_Wilkins.pdf,Bezahlt
AZW-2021-07-04_josfro,jofr0001@stud.hs-kl.de,2021-07-09,2021-201,AZW-2021-07-04_Nathan_Davis.pdf,Bezahlt
AZW-2021-07-10_cetkru,cekr0001@stud.hs-kl.de,2021-07-10,2021-401,AZW-2021-07-10_Sarina_Kusch.pdf,Bezahlt
AZW-2021-07-07_julber,jube0001@stud.hs-kl.de,2021-07-07,2021-301,AZW-2021-07-07_Henri_Berthelot.pdf,Bezahlt
AZW-2021-06-21_krilee,krle0001@stud.hs-kl.de,2021-06-26,2021-201,AZW-2021-06-21_Nathan_Robinson.pdf,Bezahlt
AZW-2021-07-09_danhar,daha0001@stud.hs-kl.de,2021-07-14,2021-101,AZW-2021-07-09_Erna_Birnbaum.pdf,Bezahlt
AZW-2021-06-23_celper,cepe0002@stud.hs-kl.de,2021-06-30,2021-401,AZW-2021-06-23_Olivier_Charrier.pdf,Ausstehend
AZW-2021-06-24_susber,sube0001@stud.hs-kl.de,2021-07-01,2021-401,AZW-2021-06-24_Marine_Breton.pdf,Bezahlt
AZW-2021-06-30_jengar,jega0001@stud.hs-kl.de,2021-07-03,2021-201,AZW-2021-06-30_Thomas_White.pdf,Bezahlt
AZW-2021-07-06_jerrog,jero0001@stud.hs-kl.de,2021-07-09,2021-501,AZW-2021-07-06_Virginia_Lynch.pdf,Bezahlt
AZW-2021-07-16_marroy,maro0001@stud.hs-kl.de,2021-07-21,2021-501,AZW-2021-07-16_René_Reynaud.pdf,Ausstehend
AZW-2021-07-06_micgoo,migo0001@stud.hs-kl.de,2021-07-10,2021-401,AZW-2021-07-06_Angela_Kim.pdf,Bezahlt
AZW-2021-07-08_jeaper,jepe0001@stud.hs-kl.de,2021-07-09,2021-501,AZW-2021-07-08_Élodie_Chauvet.pdf,Ausstehend
AZW-2021-06-19_lucdup,ludu0001@stud.hs-kl.de,2021-06-22,2021-101,AZW-2021-06-19_François_Labbe.pdf,Ausstehend
AZW-2021-06-21_gerkas,geka0001@stud.hs-kl.de,2021-06-26,2021-101,AZW-2021-06-21_Ercan_Salz.pdf,Ausstehend
AZW-2021-07-07_adasim,adsi0001@stud.hs-kl.de,2021-07-10,2021-301,AZW-2021-07-07_Jessica_Alvarez.pdf,Ausstehend
AZW-2021-06-25_leodev,lede0001@stud.hs-kl.de,2021-06-25,2021-601,AZW-2021-06-25_Alexandrie_Riou.pdf,Bezahlt
AZW-2021-06-24_juljoh,jujo0001@stud.hs-kl.de,2021-06-25,2021-501,AZW-2021-06-24_Jason_Schneider.pdf,Ausstehend
AZW-2021-07-10_micber,mibe0001@stud.hs-kl.de,2021-07-11,2021-401,AZW-2021-07-10_Célina_Lombard.pdf,Bezahlt
AZW-2021-06-25_vinlel,vile0001@stud.hs-kl.de,2021-07-02,2021-501,AZW-2021-06-25_Robert_Brunel.pdf,Ausstehend
AZW-2021-07-17_jameva,jaev0001@stud.hs-kl.de,2021-07-21,2021-501,AZW-2021-07-17_William_Green.pdf,Ausstehend
AZW-2021-06-18_lorher,lohe0001@stud.hs-kl.de,2021-06-23,2021-101,AZW-2021-06-18_Suzanne_Collins.pdf,Bezahlt
AZW-2021-07-18_lyncam,lyca0001@stud.hs-kl.de,2021-07-19,2021-201,AZW-2021-07-18_Katelyn_Gross.pdf,Bezahlt
AZW-2021-06-24_karebe,kaeb0001@stud.hs-kl.de,2021-06-28,2021-201,AZW-2021-06-24_Folkert_Hamann.pdf,Bezahlt
AZW-2021-06-22_loubon,lobo0001@stud.hs-kl.de,2021-06-24,2021-401,AZW-2021-06-22_Lucie_Fabre.pdf,Bezahlt
AZW-2021-07-06_alfbar,alba0001@stud.hs-kl.de,2021-07-10,2021-101,AZW-2021-07-06_Émilie_Gomes.pdf,Bezahlt
AZW-2021-07-14_carwin,cawi0002@stud.hs-kl.de,2021-07-21,2021-401,AZW-2021-07-14_Alberto_Gute.pdf,Ausstehend
AZW-2021-06-28_timmcl,timc0001@stud.hs-kl.de,2021-07-02,2021-201,AZW-2021-06-28_Daniel_Conrad.pdf,Gremien Mitg.
AZW-2021-06-21_grekab,grka0001@stud.hs-kl.de,2021-06-24,2021-501,AZW-2021-06-21_Rose_Speer.pdf,Bezahlt
AZW-2021-06-28_aligar,alga0002@stud.hs-kl.de,2021-07-04,2021-501,AZW-2021-06-28_Jacqueline_Michel.pdf,Bezahlt
AZW-2021-07-02_valagu,vaag0001@stud.hs-kl.de,2021-07-07,2021-501,AZW-2021-07-02_Kelly_Sims.pdf,Bezahlt
AZW-2021-07-08_agalec,agle0001@stud.hs-kl.de,2021-07-13,2021-301,AZW-2021-07-08_Michel_Labbe.pdf,Bezahlt
AZW-2021-06-24_pieheb,pihe0001@stud.hs-kl.de,2021-06-28,2021-201,AZW-2021-06-24_Alexandre_Delorme.pdf,Bezahlt
AZW-2021-07-01_chrbar,chba0001@stud.hs-kl.de,2021-07-06,2021-201,AZW-2021-07-01_Krista_Zhang.pdf,Bezahlt
AZW-2021-06-27_colngu,cong0001@stud.hs-kl.de,2021-07-04,2021-501,AZW-2021-06-27_Édith_Delaunay.pdf,Bezahlt
AZW-2021-06-22_ryacoo,ryco0001@stud.hs-kl.de,2021-06-29,2021-201,AZW-2021-06-22_Jacob_Clark.pdf,Bezahlt
AZW-2021-07-01_terper,tepe0001@stud.hs-kl.de,2021-07-08,2021-201,AZW-2021-07-01_Michael_Freeman.pdf,Ausstehend
AZW-2021-07-01_danarn,daar0001@stud.hs-kl.de,2021-07-04,2021-401,AZW-2021-07-01_Victoria_Gonzalez.pdf,Ausstehend
AZW-2021-07-12_serbea,sebe0001@stud.hs-kl.de,2021-07-13,2021-401,AZW-2021-07-12_Stacie_Hanson.pdf,Bezahlt
AZW-2021-06-30_kritay,krta0001@stud.hs-kl.de,2021-07-07,2021-301,AZW-2021-06-30_Ronald_Fisher.pdf,Ausstehend
AZW-2021-07-12_clapas,clpa0001@stud.hs-kl.de,2021-07-15,2021-101,AZW-2021-07-12_Adèle_Thomas.pdf,Ausstehend
AZW-2021-07-07_jacgon,jago0002@stud.hs-kl.de,2021-07-14,2021-601,AZW-2021-07-07_Nicole_Anderson.pdf,Ausstehend
AZW-2021-07-12_domjou,dojo0001@stud.hs-kl.de,2021-07-18,2021-101,AZW-2021-07-12_Julien_Delaunay.pdf,Gremien Mitg.
AZW-2021-06-30_natgro,nagr0001@stud.hs-kl.de,2021-07-06,2021-501,AZW-2021-06-30_Josette_Perrot.pdf,Bezahlt
AZW-2021-07-13_joshar,joha0001@stud.hs-kl.de,2021-07-15,2021-601,AZW-2021-07-13_Christine_Rivera.pdf,Bezahlt
AZW-2021-06-26_melrob,mero0001@stud.hs-kl.de,2021-07-03,2021-201,AZW-2021-06-26_Matthew_Garner.pdf,Bezahlt
AZW-2021-06-16_dogort,door0001@stud.hs-kl.de,2021-06-22,2021-101,AZW-2021-06-16_Gabi_Käster.pdf,Bezahlt
AZW-2021-06-19_margre,magr0001@stud.hs-kl.de,2021-06-24,2021-201,AZW-2021-06-19_Danielle_Chauveau.pdf,Bezahlt
AZW-2021-07-06_robfra,rofr0001@stud.hs-kl.de,2021-07-10,2021-601,AZW-2021-07-06_Augustin_Fabre.pdf,Bezahlt
AZW-2021-07-12_jesgri,jegr0002@stud.hs-kl.de,2021-07-16,2021-301,AZW-2021-07-12_John_Thomas.pdf,Ausstehend
AZW-2021-07-06_androu,anro0002@stud.hs-kl.de,2021-07-09,2021-601,AZW-2021-07-06_Benoît_Le Gall.pdf,Gremien Mitg.
AZW-2021-07-07_arnand,aran0001@stud.hs-kl.de,2021-07-12,2021-501,AZW-2021-07-07_Alexei_Schulz.pdf,Bezahlt
AZW-2021-06-29_jammoh,jamo0001@stud.hs-kl.de,2021-07-05,2021-201,AZW-2021-06-29_Violetta_Scheibe.pdf,Ausstehend
AZW-2021-06-23_eribut,erbu0001@stud.hs-kl.de,2021-06-30,2021-401,AZW-2021-06-23_Joshua_Wells.pdf,Ausstehend
AZW-2021-07-03_moncha,moch0001@stud.hs-kl.de,2021-07-03,2021-601,AZW-2021-07-03_Corinne_Bonnet.pdf,Ausstehend
AZW-2021-07-10_natgos,nago0001@stud.hs-kl.de,2021-07-16,2021-301,AZW-2021-07-10_Christiane_Hoareau.pdf,Bezahlt
AZW-2021-07-10_wolboh,wobo0001@stud.hs-kl.de,2021-07-15,2021-201,AZW-2021-07-10_Sigmund_Heydrich.pdf,Bezahlt
AZW-2021-06-25_alivid,alvi0002@stud.hs-kl.de,2021-06-26,2021-601,AZW-2021-06-25_Olivie_Ollivier.pdf,Bezahlt
AZW-2021-07-16_matmor,mamo0001@stud.hs-kl.de,2021-07-16,2021-201,AZW-2021-07-16_Roy_Donaldson.pdf,Gremien Mitg.
AZW-2021-06-23_birwul,biwu0001@stud.hs-kl.de,2021-06-29,2021-501,AZW-2021-06-23_Magdalena_Baum.pdf,Bezahlt
AZW-2021-06-21_natste,nast0001@stud.hs-kl.de,2021-06-28,2021-201,AZW-2021-06-21_Carrie_Murphy.pdf,Ausstehend
AZW-2021-06-23_thoste,thst0001@stud.hs-kl.de,2021-06-25,2021-201,AZW-2021-06-23_Stephanie_Carter.pdf,Bezahlt
AZW-2021-07-04_lisell,liel0001@stud.hs-kl.de,2021-07-10,2021-601,AZW-2021-07-04_Rachel_Malone.pdf,Bezahlt
AZW-2021-06-17_ricbeg,ribe0001@stud.hs-kl.de,2021-06-23,2021-101,AZW-2021-06-17_Daniel_Georges.pdf,Bezahlt
AZW-2021-07-03_trakos,trko0001@stud.hs-kl.de,2021-07-04,2021-401,AZW-2021-07-03_Dennis_Löwer.pdf,Bezahlt
AZW-2021-07-09_gezhan,geha0001@stud.hs-kl.de,2021-07-16,2021-101,AZW-2021-07-09_Catharina_Sorgatz.pdf,Ausstehend
AZW-2021-07-12_sherob,shro0001@stud.hs-kl.de,2021-07-12,2021-101,AZW-2021-07-12_Rachel_Mcpherson.pdf,Bezahlt
AZW-2021-07-09_lucfou,lufo0001@stud.hs-kl.de,2021-07-13,2021-601,AZW-2021-07-09_Caroline_Alves.pdf,Bezahlt
AZW-2021-07-05_dorjan,doja0001@stud.hs-kl.de,2021-07-10,2021-101,AZW-2021-07-05_Roselinde_Putz.pdf,Bezahlt
AZW-2021-07-07_conlom,colo0001@stud.hs-kl.de,2021-07-11,2021-301,AZW-2021-07-07_Édouard_Giraud.pdf,Bezahlt
AZW-2021-07-10_erigai,erga0001@stud.hs-kl.de,2021-07-15,2021-101,AZW-2021-07-10_Miguel_Taylor.pdf,Ausstehend
AZW-2021-06-26_antros,anro0003@stud.hs-kl.de,2021-06-28,2021-501,AZW-2021-06-26_Heidrun_Nohlmans.pdf,Bezahlt
AZW-2021-07-13_kricru,krcr0001@stud.hs-kl.de,2021-07-18,2021-201,AZW-2021-07-13_Gabrielle_Paul.pdf,Bezahlt
AZW-2021-07-06_hanrin,hari0001@stud.hs-kl.de,2021-07-06,2021-401,AZW-2021-07-06_Alexandre_Rosenow.pdf,Ausstehend
AZW-2021-07-16_luctei,lute0001@stud.hs-kl.de,2021-07-19,2021-501,AZW-2021-07-16_Renée_Lemaitre.pdf,Bezahlt
AZW-2021-07-16_dieklo,dikl0001@stud.hs-kl.de,2021-07-18,2021-501,AZW-2021-07-16_Urszula_Radisch.pdf,Bezahlt
AZW-2021-06-18_denfer,defe0001@stud.hs-kl.de,2021-06-24,2021-501,AZW-2021-06-18_Jacques_Toussaint.pdf,Ausstehend
AZW-2021-06-24_sarjon,sajo0001@stud.hs-kl.de,2021-06-29,2021-501,AZW-2021-06-24_Gregg_Marshall.pdf,Bezahlt
AZW-2021-07-06_juleva,juev0001@stud.hs-kl.de,2021-07-11,2021-601,AZW-2021-07-06_Shane_Davis.pdf,Ausstehend
AZW-2021-06-25_sanham,saha0001@stud.hs-kl.de,2021-06-28,2021-101,AZW-2021-06-25_Leszek_Liebelt.pdf,Bezahlt
AZW-2021-06-24_patvau,pava0001@stud.hs-kl.de,2021-06-24,2021-301,AZW-2021-06-24_Andre_Acevedo.pdf,Bezahlt
AZW-2021-06-22_monjop,mojo0001@stud.hs-kl.de,2021-06-24,2021-301,AZW-2021-06-22_Fred_Dussen van.pdf,Bezahlt
AZW-2021-07-10_roltes,rote0001@stud.hs-kl.de,2021-07-12,2021-601,AZW-2021-07-10_Marine_Dupuy.pdf,Ausstehend
AZW-2021-06-22_patgui,pagu0001@stud.hs-kl.de,2021-06-27,2021-601,AZW-2021-06-22_Simone_Gros.pdf,Ausstehend
AZW-2021-07-14_diefli,difl0001@stud.hs-kl.de,2021-07-17,2021-501,AZW-2021-07-14_Patrik_Rust.pdf,Bezahlt
AZW-2021-06-23_irmsch,irsc0001@stud.hs-kl.de,2021-06-29,2021-401,AZW-2021-06-23_Apollonia_Pieper.pdf,Bezahlt
AZW-2021-06-23_hanric,hari0002@stud.hs-kl.de,2021-06-28,2021-401,AZW-2021-06-23_Austin_Miller.pdf,Bezahlt
AZW-2021-07-03_jusbro,jubr0001@stud.hs-kl.de,2021-07-08,2021-401,AZW-2021-07-03_Darren_Potter.pdf,Ausstehend
AZW-2021-07-06_emmgir,emgi0001@stud.hs-kl.de,2021-07-06,2021-601,AZW-2021-07-06_Frédéric_Besnard.pdf,Ausstehend
AZW-2021-06-24_gorwil,gowi0001@stud.hs-kl.de,2021-07-01,2021-101,AZW-2021-06-24_Erhardt_Bohnbach.pdf,Ausstehend
AZW-2021-07-21_bennic,beni0001@stud.hs-kl.de,2021-07-21,2021-401,AZW-2021-07-21_Aimé_Pascal.pdf,Ausstehend
AZW-2021-06-29_cecgom,cego0001@stud.hs-kl.de,2021-06-29,2021-101,AZW-2021-06-29_Xavier_Texier.pdf,Bezahlt
AZW-2021-07-14_elekoh,elko0001@stud.hs-kl.de,2021-07-17,2021-401,AZW-2021-07-14_Artur_Kensy.pdf,Bezahlt
AZW-2021-07-14_davber,dabe0001@stud.hs-kl.de,2021-07-21,2021-501,AZW-2021-07-14_Devon_Howard.pdf,Bezahlt
AZW-2021-06-28_danbla,dabl0001@stud.hs-kl.de,2021-06-29,2021-101,AZW-2021-06-28_Camille_Dupre.pdf,Bezahlt
AZW-2021-06-25_annhor,anho0001@stud.hs-kl.de,2021-06-29,2021-301,AZW-2021-06-25_Willi_Adolph.pdf,Ausstehend
AZW-2021-07-15_melmci,memc0002@stud.hs-kl.de,2021-07-18,2021-601,AZW-2021-07-15_Allison_Barnes.pdf,Bezahlt
AZW-2021-06-23_thopet,thpe0001@stud.hs-kl.de,2021-06-23,2021-401,AZW-2021-06-23_Lori_Riley.pdf,Bezahlt
AZW-2021-07-09_iriack,irac0001@stud.hs-kl.de,2021-07-11,2021-101,AZW-2021-07-09_Fatima_Bonbach.pdf,Ausstehend
AZW-2021-06-28_kendie,kedi0001@stud.hs-kl.de,2021-07-05,2021-101,AZW-2021-06-28_Timm_Kitzmann.pdf,Bezahlt
AZW-2021-07-08_egogre,eggr0001@stud.hs-kl.de,2021-07-15,2021-101,AZW-2021-07-08_Bernadette_Sorgatz.pdf,Bezahlt
AZW-2021-06-26_danfle,dafl0001@stud.hs-kl.de,2021-06-26,2021-101,AZW-2021-06-26_Stéphane_Parent.pdf,Ausstehend
AZW-2021-06-23_anihen,anhe0001@stud.hs-kl.de,2021-06-25,2021-201,AZW-2021-06-23_Cornelia_Renner.pdf,Ausstehend
AZW-2021-07-07_adebie,adbi0001@stud.hs-kl.de,2021-07-12,2021-401,AZW-2021-07-07_Maja_Beier.pdf,Ausstehend
AZW-2021-06-18_adawie,adwi0001@stud.hs-kl.de,2021-06-22,2021-601,AZW-2021-06-18_Baptist_Stumpf.pdf,Ausstehend
AZW-2021-06-22_andtay,anta0001@stud.hs-kl.de,2021-06-22,2021-401,AZW-2021-06-22_Heather_Williams.pdf,Bezahlt
AZW-2021-06-20_heamil,hemi0001@stud.hs-kl.de,2021-06-26,2021-201,AZW-2021-06-20_Vanessa_Stuart.pdf,Bezahlt
AZW-2021-07-12_thiblo,thbl0001@stud.hs-kl.de,2021-07-14,2021-401,AZW-2021-07-12_Constance_Merle.pdf,Bezahlt
AZW-2021-06-28_sabche,sach0001@stud.hs-kl.de,2021-06-29,2021-101,AZW-2021-06-28_Éléonore_Torres.pdf,Ausstehend
AZW-2021-07-07_tamtor,tato0001@stud.hs-kl.de,2021-07-11,2021-201,AZW-2021-07-07_James_Nash.pdf,Ausstehend
AZW-2021-06-30_otfsau,otsa0001@stud.hs-kl.de,2021-07-04,2021-101,AZW-2021-06-30_Hinrich_Zobel.pdf,Bezahlt
AZW-2021-06-24_editan,edta0001@stud.hs-kl.de,2021-06-25,2021-101,AZW-2021-06-24_Honoré_Letellier.pdf,Bezahlt
AZW-2021-06-25_damjun,daju0001@stud.hs-kl.de,2021-06-30,2021-201,AZW-2021-06-25_Gretchen_Hein.pdf,Bezahlt
AZW-2021-07-21_laufar,lafa0001@stud.hs-kl.de,2021-07-21,2021-501,AZW-2021-07-21_Michael_Sanchez.pdf,Bezahlt
AZW-2021-07-12_descom,deco0001@stud.hs-kl.de,2021-07-12,2021-401,AZW-2021-07-12_Wendy_Johnson.pdf,Bezahlt
AZW-2021-06-20_hubdow,hudo0001@stud.hs-kl.de,2021-06-25,2021-301,AZW-2021-06-20_Eberhardt_Gröttner.pdf,Bezahlt
AZW-2021-07-02_odelab,odla0001@stud.hs-kl.de,2021-07-03,2021-201,AZW-2021-07-02_Arthur_Mendes.pdf,Bezahlt
AZW-2021-06-20_cankra,cakr0002@stud.hs-kl.de,2021-06-27,2021-601,AZW-2021-06-20_Marcel_Speer.pdf,Bezahlt
AZW-2021-06-25_katsch,kasc0001@stud.hs-kl.de,2021-06-27,2021-501,AZW-2021-06-25_Charlotte_Etzler.pdf,Bezahlt
AZW-2021-07-02_robjen,roje0001@stud.hs-kl.de,2021-07-06,2021-601,AZW-2021-07-02_Courtney_Harris.pdf,Bezahlt
AZW-2021-06-30_suzhal,suha0001@stud.hs-kl.de,2021-07-01,2021-501,AZW-2021-06-30_Michael_Matthews.pdf,Gremien Mitg.
AZW-2021-06-19_elkern,eler0001@stud.hs-kl.de,2021-06-23,2021-301,AZW-2021-06-19_Cäcilie_Fritsch.pdf,Ausstehend
AZW-2021-06-23_heamcd,hemc0001@stud.hs-kl.de,2021-06-29,2021-301,AZW-2021-06-23_Heidi_Holt.pdf,Bezahlt
AZW-2021-06-21_rolbar,roba0001@stud.hs-kl.de,2021-06-25,2021-301,AZW-2021-06-21_Raymond_Buchholz.pdf,Bezahlt
AZW-2021-06-15_marber,mabe0002@stud.hs-kl.de,2021-06-22,2021-401,AZW-2021-06-15_David_Blot.pdf,Ausstehend
AZW-2021-06-29_hanmar,hama0001@stud.hs-kl.de,2021-07-04,2021-201,AZW-2021-06-29_Mirko_Höfig.pdf,Bezahlt
AZW-2021-07-12_elefli,elfl0001@stud.hs-kl.de,2021-07-15,2021-101,AZW-2021-07-12_Francesco_Rädel.pdf,Bezahlt
AZW-2021-07-07_wietas,wita0001@stud.hs-kl.de,2021-07-08,2021-401,AZW-2021-07-07_Gunther_Rose.pdf,Bezahlt
AZW-2021-06-27_abrsei,abse0001@stud.hs-kl.de,2021-07-03,2021-601,AZW-2021-06-27_Gabriele_Riehl.pdf,Bezahlt
AZW-2021-07-21_elicou,elco0001@stud.hs-kl.de,2021-07-21,2021-401,AZW-2021-07-21_Éric_Turpin.pdf,Bezahlt
AZW-2021-07-06_martho,math0001@stud.hs-kl.de,2021-07-10,2021-201,AZW-2021-07-06_Jacqueline_Beck.pdf,Gremien Mitg.
AZW-2021-07-01_danbre,dabr0002@stud.hs-kl.de,2021-07-06,2021-401,AZW-2021-07-01_Valentine_Lelievre.pdf,Bezahlt
AZW-2021-06-21_timcar,tica0001@stud.hs-kl.de,2021-06-25,2021-301,AZW-2021-06-21_Frank_Doyle.pdf,Bezahlt
AZW-2021-07-06_timcro,ticr0001@stud.hs-kl.de,2021-07-12,2021-201,AZW-2021-07-06_Todd_Graham.pdf,Bezahlt
AZW-2021-06-18_maralb,maal0001@stud.hs-kl.de,2021-06-25,2021-201,AZW-2021-06-18_Dorothée_Diaz.pdf,Bezahlt
AZW-2021-07-15_jelhar,jeha0001@stud.hs-kl.de,2021-07-16,2021-301,AZW-2021-07-15_Sylke_Briemer.pdf,Ausstehend
AZW-2021-06-21_alfde ,alde0001@stud.hs-kl.de,2021-06-25,2021-401,AZW-2021-06-21_Maurice_Lopez.pdf,Ausstehend
AZW-2021-06-26_emmblo,embl0001@stud.hs-kl.de,2021-06-29,2021-201,AZW-2021-06-26_Brigitte_Pineau.pdf,Bezahlt
AZW-2021-07-06_katspe,kasp0001@stud.hs-kl.de,2021-07-12,2021-201,AZW-2021-07-06_Traugott_Kitzmann.pdf,Bezahlt
AZW-2021-07-18_paukuh,paku0001@stud.hs-kl.de,2021-07-20,2021-601,AZW-2021-07-18_Juliane_Hiller.pdf,Bezahlt
AZW-2021-06-19_jasrom,jaro0001@stud.hs-kl.de,2021-06-25,2021-101,AZW-2021-06-19_Natalie_Alexander.pdf,Ausstehend
AZW-2021-07-10_eritay,erta0001@stud.hs-kl.de,2021-07-11,2021-101,AZW-2021-07-10_Frank_Taylor.pdf,Ausstehend
AZW-2021-06-20_johbru,jobr0002@stud.hs-kl.de,2021-06-26,2021-501,AZW-2021-06-20_Ryan_Rodriguez.pdf,Bezahlt
AZW-2021-06-25_gerchr,gech0001@stud.hs-kl.de,2021-07-02,2021-101,AZW-2021-06-25_Wilfried_Flantz.pdf,Ausstehend
AZW-2021-07-07_heiwul,hewu0001@stud.hs-kl.de,2021-07-12,2021-401,AZW-2021-07-07_Gerald_Oderwald.pdf,Bezahlt
AZW-2021-06-28_scowil,scwi0001@stud.hs-kl.de,2021-07-05,2021-601,AZW-2021-06-28_Shaun_Gonzalez.pdf,Bezahlt
AZW-2021-06-23_martex,mate0002@stud.hs-kl.de,2021-06-24,2021-401,AZW-2021-06-23_Friedbert_Trommler.pdf,Bezahlt
AZW-2021-07-11_luzlin,luli0001@stud.hs-kl.de,2021-07-17,2021-101,AZW-2021-07-11_Zenta_Krein.pdf,Bezahlt
AZW-2021-07-05_erigri,ergr0001@stud.hs-kl.de,2021-07-08,2021-101,AZW-2021-07-05_Laura_Wilkins.pdf,Gremien Mitg.
AZW-2021-07-07_siebig,sibi0001@stud.hs-kl.de,2021-07-13,2021-301,AZW-2021-07-07_Samira_Heinz.pdf,Bezahlt
AZW-2021-07-15_helled,hele0001@stud.hs-kl.de,2021-07-21,2021-501,AZW-2021-07-15_Bernadette_Deschamps.pdf,Bezahlt
AZW-2021-07-15_hengre,hegr0001@stud.hs-kl.de,2021-07-18,2021-201,AZW-2021-07-15_Stéphane_Poirier.pdf,Bezahlt
AZW-2021-07-13_katdav,kada0001@stud.hs-kl.de,2021-07-18,2021-301,AZW-2021-07-13_Albert_Köster.pdf,Bezahlt
AZW-2021-06-25_thibru,thbr0001@stud.hs-kl.de,2021-06-25,2021-601,AZW-2021-06-25_Luce_Barthelemy.pdf,Ausstehend
AZW-2021-07-14_marren,mare0001@stud.hs-kl.de,2021-07-19,2021-501,AZW-2021-07-14_Kai-Uwe_Mielcarek.pdf,Bezahlt
AZW-2021-06-22_lauhei,lahe0001@stud.hs-kl.de,2021-06-24,2021-301,AZW-2021-06-22_Almut_Schäfer.pdf,Bezahlt
AZW-2021-06-27_jespeu,jepe0002@stud.hs-kl.de,2021-07-03,2021-401,AZW-2021-06-27_Liliane_Kusch.pdf,Bezahlt
AZW-2021-07-04_thopie,thpi0001@stud.hs-kl.de,2021-07-04,2021-301,AZW-2021-07-04_Capucine_Munoz.pdf,Bezahlt
AZW-2021-07-07_maugay,maga0001@stud.hs-kl.de,2021-07-09,2021-501,AZW-2021-07-07_Laure_Guillou.pdf,Bezahlt
AZW-2021-07-06_lilsch,lisc0001@stud.hs-kl.de,2021-07-08,2021-501,AZW-2021-07-06_Benno_Hettner.pdf,Gremien Mitg.
AZW-2021-07-13_conwer,cowe0001@stud.hs-kl.de,2021-07-18,2021-301,AZW-2021-07-13_Suse_Warmer.pdf,Ausstehend
AZW-2021-07-03_joeslo,josl0001@stud.hs-kl.de,2021-07-04,2021-501,AZW-2021-07-03_Gregory_Glover.pdf,Bezahlt
AZW-2021-06-23_engjun,enju0001@stud.hs-kl.de,2021-06-27,2021-401,AZW-2021-06-23_Jaqueline_Radisch.pdf,Bezahlt
AZW-2021-07-04_nikwah,niwa0001@stud.hs-kl.de,2021-07-10,2021-501,AZW-2021-07-04_Hüseyin_Schäfer.pdf,Bezahlt
AZW-2021-07-03_frikoh,frko0001@stud.hs-kl.de,2021-07-05,2021-101,AZW-2021-07-03_Ernst_Pruschke.pdf,Ausstehend
AZW-2021-07-01_wilwhi,wiwh0001@stud.hs-kl.de,2021-07-06,2021-201,AZW-2021-07-01_Shannon_Acevedo.pdf,Bezahlt
AZW-2021-07-20_syller,syle0001@stud.hs-kl.de,2021-07-21,2021-101,AZW-2021-07-20_Sébastien_Colin.pdf,Ausstehend
AZW-2021-06-18_jonhar,joha0002@stud.hs-kl.de,2021-06-24,2021-101,AZW-2021-06-18_Barry_Jones.pdf,Ausstehend
AZW-2021-07-13_gunsch,gusc0001@stud.hs-kl.de,2021-07-19,2021-201,AZW-2021-07-13_Karoline_Schacht.pdf,Bezahlt
AZW-2021-07-06_gendel,gede0001@stud.hs-kl.de,2021-07-08,2021-501,AZW-2021-07-06_Céline_Fernandes.pdf,Bezahlt
AZW-2021-06-16_lishol,liho0001@stud.hs-kl.de,2021-06-23,2021-301,AZW-2021-06-16_Pero_Geisel.pdf,Bezahlt
AZW-2021-07-09_valjak,vaja0001@stud.hs-kl.de,2021-07-14,2021-401,AZW-2021-07-09_Detlef_Schmidtke.pdf,Bezahlt
AZW-2021-06-20_gunrog,guro0001@stud.hs-kl.de,2021-06-22,2021-101,AZW-2021-06-20_Cora_Paffrath.pdf,Bezahlt
AZW-2021-06-20_ulfdit,uldi0001@stud.hs-kl.de,2021-06-25,2021-201,AZW-2021-06-20_Jost_Kramer.pdf,Bezahlt
AZW-2021-07-08_fracos,frco0001@stud.hs-kl.de,2021-07-11,2021-101,AZW-2021-07-08_Isabelle_Peron.pdf,Bezahlt
AZW-2021-06-21_micday,mida0001@stud.hs-kl.de,2021-06-22,2021-101,AZW-2021-06-21_Jon_Mooney.pdf,Ausstehend
AZW-2021-06-21_deball,deal0001@stud.hs-kl.de,2021-06-26,2021-601,AZW-2021-06-21_Michael_Boyd.pdf,Bezahlt
AZW-2021-07-04_suzwil,suwi0001@stud.hs-kl.de,2021-07-09,2021-401,AZW-2021-07-04_Cassandra_Reed.pdf,Bezahlt
AZW-2021-07-14_steser,stse0001@stud.hs-kl.de,2021-07-21,2021-101,AZW-2021-07-14_Stacey_Evans.pdf,Bezahlt
AZW-2021-07-09_tinrog,tiro0001@stud.hs-kl.de,2021-07-15,2021-101,AZW-2021-07-09_Janice_Wise.pdf,Ausstehend
AZW-2021-07-05_lauvas,lava0001@stud.hs-kl.de,2021-07-07,2021-301,AZW-2021-07-05_Stéphanie_Prevost.pdf,Gremien Mitg.
AZW-2021-06-30_chrhop,chho0001@stud.hs-kl.de,2021-07-06,2021-501,AZW-2021-06-30_James_Pena.pdf,Bezahlt
AZW-2021-06-24_natgil,nagi0001@stud.hs-kl.de,2021-06-29,2021-201,AZW-2021-06-24_Steven_Taylor.pdf,Bezahlt
AZW-2021-06-24_debcha,dech0001@stud.hs-kl.de,2021-06-30,2021-601,AZW-2021-06-24_Samuel_Sherman.pdf,Bezahlt
AZW-2021-07-14_anaboy,anbo0001@stud.hs-kl.de,2021-07-14,2021-601,AZW-2021-07-14_Vincent_Parent.pdf,Bezahlt
AZW-2021-07-15_haneck,haec0001@stud.hs-kl.de,2021-07-18,2021-601,AZW-2021-07-15_Heinz-Wilhelm_Mülichen.pdf,Bezahlt
AZW-2021-07-11_kimpor,kipo0001@stud.hs-kl.de,2021-07-14,2021-501,AZW-2021-07-11_Sheila_Miller.pdf,Bezahlt
AZW-2021-07-15_geoval,geva0001@stud.hs-kl.de,2021-07-21,2021-301,AZW-2021-07-15_Matthew_Lynch.pdf,Bezahlt
AZW-2021-06-22_yeswoo,yewo0001@stud.hs-kl.de,2021-06-23,2021-501,AZW-2021-06-22_Justin_Johnson.pdf,Ausstehend
AZW-2021-06-23_silbec,sibe0001@stud.hs-kl.de,2021-06-26,2021-501,AZW-2021-06-23_Aloys_Trubin.pdf,Bezahlt
AZW-2021-06-19_inawoh,inwo0001@stud.hs-kl.de,2021-06-22,2021-201,AZW-2021-06-19_Leila_Zobel.pdf,Bezahlt
AZW-2021-07-11_jammar,jama0001@stud.hs-kl.de,2021-07-11,2021-201,AZW-2021-07-11_Elizabeth_Robles.pdf,Bezahlt
AZW-2021-07-01_jerric,jeri0001@stud.hs-kl.de,2021-07-06,2021-101,AZW-2021-07-01_Lynn_Mueller.pdf,Bezahlt
AZW-2021-06-22_johsch,josc0002@stud.hs-kl.de,2021-06-27,2021-201,AZW-2021-06-22_Johanne_Wagner.pdf,Bezahlt
AZW-2021-06-28_dorsag,dosa0001@stud.hs-kl.de,2021-06-29,2021-101,AZW-2021-06-28_Hans-Rainer_Etzold.pdf,Ausstehend
AZW-2021-07-04_paslan,pala0001@stud.hs-kl.de,2021-07-10,2021-401,AZW-2021-07-04_Sophie_Haase.pdf,Ausstehend
AZW-2021-07-07_rosgor,rogo0001@stud.hs-kl.de,2021-07-10,2021-401,AZW-2021-07-07_Arndt_Köhler.pdf,Bezahlt
AZW-2021-06-29_dankla,dakl0001@stud.hs-kl.de,2021-07-02,2021-101,AZW-2021-06-29_Amalia_Schönland.pdf,Bezahlt
AZW-2021-06-20_aurval,auva0001@stud.hs-kl.de,2021-06-24,2021-301,AZW-2021-06-20_Victoire_Colin.pdf,Ausstehend
AZW-2021-07-07_wilmen,wime0001@stud.hs-kl.de,2021-07-13,2021-101,AZW-2021-07-07_Amalia_Schmiedecke.pdf,Bezahlt
AZW-2021-06-30_lauyan,laya0001@stud.hs-kl.de,2021-07-07,2021-601,AZW-2021-06-30_John_Barnett.pdf,Bezahlt
AZW-2021-06-30_aarmil,aami0001@stud.hs-kl.de,2021-07-06,2021-301,AZW-2021-06-30_Jacqueline_Barber.pdf,Ausstehend
AZW-2021-07-15_gaband,gaan0001@stud.hs-kl.de,2021-07-19,2021-101,AZW-2021-07-15_Antoine_Meyer.pdf,Bezahlt
AZW-2021-06-16_andle ,anle0001@stud.hs-kl.de,2021-06-23,2021-301,AZW-2021-06-16_Valérie_Hamon.pdf,Bezahlt
AZW-2021-07-08_frihan,frha0001@stud.hs-kl.de,2021-07-08,2021-601,AZW-2021-07-08_Janko_Heuser.pdf,Ausstehend
AZW-2021-06-20_sibkoc,siko0001@stud.hs-kl.de,2021-06-24,2021-101,AZW-2021-06-20_Enno_Metz.pdf,Ausstehend
AZW-2021-07-11_aloloc,allo0001@stud.hs-kl.de,2021-07-13,2021-301,AZW-2021-07-11_Sabine_Baum.pdf,Ausstehend
AZW-2021-07-08_michue,mihu0001@stud.hs-kl.de,2021-07-14,2021-101,AZW-2021-07-08_Amélie_Delannoy.pdf,Bezahlt
AZW-2021-07-12_wilcoo,wico0001@stud.hs-kl.de,2021-07-14,2021-301,AZW-2021-07-12_Johnny_Harmon.pdf,Bezahlt
AZW-2021-07-14_hulhan,huha0001@stud.hs-kl.de,2021-07-19,2021-101,AZW-2021-07-14_Birte_Berger.pdf,Bezahlt
AZW-2021-07-18_jacdun,jadu0001@stud.hs-kl.de,2021-07-20,2021-401,AZW-2021-07-18_Sherri_Ballard.pdf,Bezahlt
AZW-2021-07-08_marler,male0004@stud.hs-kl.de,2021-07-10,2021-101,AZW-2021-07-08_Roger_Gilbert.pdf,Bezahlt
AZW-2021-06-18_jefsav,jesa0001@stud.hs-kl.de,2021-06-23,2021-301,AZW-2021-06-18_Crystal_Lewis.pdf,Bezahlt
AZW-2021-07-15_mellaw,mela0001@stud.hs-kl.de,2021-07-17,2021-101,AZW-2021-07-15_Kevin_Webb.pdf,Bezahlt
AZW-2021-07-08_candus,cadu0001@stud.hs-kl.de,2021-07-11,2021-401,AZW-2021-07-08_Gilda_Rose.pdf,Ausstehend
AZW-2021-07-13_phywoo,phwo0002@stud.hs-kl.de,2021-07-20,2021-401,AZW-2021-07-13_Christian_Mclaughlin.pdf,Ausstehend
AZW-2021-06-24_danmil,dami0001@stud.hs-kl.de,2021-06-30,2021-601,AZW-2021-06-24_Brooke_Parker.pdf,Bezahlt
AZW-2021-06-29_simguy,sigu0001@stud.hs-kl.de,2021-07-03,2021-201,AZW-2021-06-29_Valérie_Leduc.pdf,Ausstehend
AZW-2021-06-21_laupru,lapr0001@stud.hs-kl.de,2021-06-22,2021-601,AZW-2021-06-21_Susanne_Hubert.pdf,Bezahlt
AZW-2021-07-06_hanmoh,hamo0001@stud.hs-kl.de,2021-07-09,2021-101,AZW-2021-07-06_Ottilie_Stroh.pdf,Bezahlt
AZW-2021-06-21_clawil,clwi0001@stud.hs-kl.de,2021-06-25,2021-301,AZW-2021-06-21_Jessica_Anderson.pdf,Bezahlt
AZW-2021-06-20_renreg,rere0001@stud.hs-kl.de,2021-06-25,2021-401,AZW-2021-06-20_Paulette_Bazin.pdf,Ausstehend
AZW-2021-06-18_pargri,pagr0001@stud.hs-kl.de,2021-06-24,2021-601,AZW-2021-06-18_Carla_Mullins.pdf,Ausstehend
AZW-2021-07-12_ryasmi,rysm0001@stud.hs-kl.de,2021-07-18,2021-601,AZW-2021-07-12_Jennifer_Obrien.pdf,Bezahlt
AZW-2021-07-02_marmur,mamu0001@stud.hs-kl.de,2021-07-06,2021-501,AZW-2021-07-02_Matthew_Williams.pdf,Gremien Mitg.
AZW-2021-07-10_chrpor,chpo0001@stud.hs-kl.de,2021-07-11,2021-101,AZW-2021-07-10_Amanda_Allen.pdf,Bezahlt
AZW-2021-06-30_artsau,arsa0001@stud.hs-kl.de,2021-07-01,2021-201,AZW-2021-06-30_Catherine_Leclercq.pdf,Ausstehend
AZW-2021-06-28_tifgom,tigo0001@stud.hs-kl.de,2021-07-03,2021-101,AZW-2021-06-28_Jeanette_Lee.pdf,Bezahlt
AZW-2021-07-18_grefle,grfl0001@stud.hs-kl.de,2021-07-20,2021-601,AZW-2021-07-18_Beth_Cisneros.pdf,Bezahlt
AZW-2021-06-23_maxmul,mamu0002@stud.hs-kl.de,2021-06-27,2021-501,AZW-2021-06-23_Margaret_Trapp.pdf,Bezahlt
AZW-2021-07-01_josspa,josp0001@stud.hs-kl.de,2021-07-02,2021-501,AZW-2021-07-01_Olivia_George.pdf,Bezahlt
AZW-2021-07-03_aprflo,apfl0001@stud.hs-kl.de,2021-07-07,2021-201,AZW-2021-07-03_Michael_Williams.pdf,Ausstehend
AZW-2021-06-27_heirya,hery0001@stud.hs-kl.de,2021-06-30,2021-301,AZW-2021-06-27_Stacy_Brandt.pdf,Ausstehend
AZW-2021-07-03_kirhil,kihi0001@stud.hs-kl.de,2021-07-07,2021-601,AZW-2021-07-03_Jeffrey_Murphy.pdf,Ausstehend
AZW-2021-07-03_condru,codr0001@stud.hs-kl.de,2021-07-03,2021-101,AZW-2021-07-03_Franz_Rogner.pdf,Ausstehend
AZW-2021-07-10_briwol,brwo0001@stud.hs-kl.de,2021-07-10,2021-201,AZW-2021-07-10_Nicole_Dunn.pdf,Bezahlt
AZW-2021-07-12_marpet,mape0001@stud.hs-kl.de,2021-07-18,2021-101,AZW-2021-07-12_Matthew_Wise.pdf,Ausstehend